<?xml version="1.0"?>
<gpx
  version="1.1"
  creator="FieldAccess/2.0.0 - http://dendrocopos.jp/fieldaccess/"
  xmlns:xsi="http://www.w3.org/2001/XMLSchema-instance"
  xmlns="http://www.topografix.com/GPX/1/1"
  xsi:schemaLocation="http://www.topografix.com/GPX/1/1 http://www.topografix.com/GPX/1/1/gpx.xsd">
<trk>
<number>1</number>
<trkseg>
<trkpt lat="36.5777083766056" lon="137.6007489861339"><ele>2459.3</ele><time>2016-08-19T19:23:38Z</time></trkpt>
<trkpt lat="36.5774902375756" lon="137.6003023145139"><ele>2449.3</ele><time>2016-08-19T19:23:39Z</time></trkpt>
<trkpt lat="36.5774673549799" lon="137.6003418770969"><ele>2450.0</ele><time>2016-08-19T19:23:41Z</time></trkpt>
<trkpt lat="36.5772324940530" lon="137.6001702157199"><ele>2461.6</ele><time>2016-08-19T19:24:26Z</time></trkpt>
<trkpt lat="36.5771532850681" lon="137.6001423039824"><ele>2463.2</ele><time>2016-08-19T19:24:45Z</time></trkpt>
<trkpt lat="36.5769810788674" lon="137.6001460758388"><ele>2464.0</ele><time>2016-08-19T19:24:59Z</time></trkpt>
<trkpt lat="36.5769467130644" lon="137.6001987980098"><ele>2465.0</ele><time>2016-08-19T19:25:03Z</time></trkpt>
<trkpt lat="36.5768672945318" lon="137.6003389434308"><ele>2465.7</ele><time>2016-08-19T19:25:21Z</time></trkpt>
<trkpt lat="36.5767971380023" lon="137.6003988740385"><ele>2462.9</ele><time>2016-08-19T19:25:30Z</time></trkpt>
<trkpt lat="36.5767339803619" lon="137.6004887280405"><ele>2461.9</ele><time>2016-08-19T19:25:39Z</time></trkpt>
<trkpt lat="36.5766600938854" lon="137.6005499159336"><ele>2461.0</ele><time>2016-08-19T19:25:48Z</time></trkpt>
<trkpt lat="36.5765598044140" lon="137.6006893908024"><ele>2457.2</ele><time>2016-08-19T19:26:10Z</time></trkpt>
<trkpt lat="36.5763779590247" lon="137.6008882933646"><ele>2454.6</ele><time>2016-08-19T19:26:47Z</time></trkpt>
<trkpt lat="36.5763423778457" lon="137.6009838470608"><ele>2455.6</ele><time>2016-08-19T19:26:56Z</time></trkpt>
<trkpt lat="36.5762415016411" lon="137.6011586097419"><ele>2456.5</ele><time>2016-08-19T19:27:18Z</time></trkpt>
<trkpt lat="36.5761093190280" lon="137.6015004237533"><ele>2459.1</ele><time>2016-08-19T19:27:48Z</time></trkpt>
<trkpt lat="36.5760883642701" lon="137.6015974023730"><ele>2458.1</ele><time>2016-08-19T19:28:07Z</time></trkpt>
<trkpt lat="36.5759142721412" lon="137.6018933673739"><ele>2459.6</ele><time>2016-08-19T19:28:43Z</time></trkpt>
<trkpt lat="36.5758776432244" lon="137.6020318364143"><ele>2460.5</ele><time>2016-08-19T19:28:58Z</time></trkpt>
<trkpt lat="36.5758450795306" lon="137.6021851414233"><ele>2461.3</ele><time>2016-08-19T19:29:12Z</time></trkpt>
<trkpt lat="36.5757750487296" lon="137.6023275499582"><ele>2461.9</ele><time>2016-08-19T19:29:26Z</time></trkpt>
<trkpt lat="36.5756639046935" lon="137.6024433878601"><ele>2463.6</ele><time>2016-08-19T19:29:44Z</time></trkpt>
<trkpt lat="36.5755020920528" lon="137.6026658435702"><ele>2468.2</ele><time>2016-08-19T19:30:13Z</time></trkpt>
<trkpt lat="36.5755105158655" lon="137.6028960944504"><ele>2471.4</ele><time>2016-08-19T19:30:50Z</time></trkpt>
<trkpt lat="36.5755165927453" lon="137.6029985213071"><ele>2472.2</ele><time>2016-08-19T19:30:59Z</time></trkpt>
<trkpt lat="36.5753772855146" lon="137.6034063847154"><ele>2473.8</ele><time>2016-08-19T19:31:30Z</time></trkpt>
<trkpt lat="36.5753252758054" lon="137.6035320294440"><ele>2475.6</ele><time>2016-08-19T19:32:31Z</time></trkpt>
<trkpt lat="36.5752666443927" lon="137.6035880205572"><ele>2475.0</ele><time>2016-08-19T19:32:37Z</time></trkpt>
<trkpt lat="36.5752036962999" lon="137.6036277507782"><ele>2475.8</ele><time>2016-08-19T19:32:48Z</time></trkpt>
<trkpt lat="36.5751576377419" lon="137.6037279145211"><ele>2477.1</ele><time>2016-08-19T19:32:58Z</time></trkpt>
<trkpt lat="36.5750099066985" lon="137.6039693971515"><ele>2476.3</ele><time>2016-08-19T19:33:23Z</time></trkpt>
<trkpt lat="36.5749773010952" lon="137.6040783618927"><ele>2477.1</ele><time>2016-08-19T19:33:32Z</time></trkpt>
<trkpt lat="36.5749237826435" lon="137.6041268092930"><ele>2477.2</ele><time>2016-08-19T19:33:42Z</time></trkpt>
<trkpt lat="36.5748243313623" lon="137.6043539588690"><ele>2479.7</ele><time>2016-08-19T19:34:09Z</time></trkpt>
<trkpt lat="36.5747972997246" lon="137.6046201681137"><ele>2483.9</ele><time>2016-08-19T19:34:33Z</time></trkpt>
<trkpt lat="36.5747549711136" lon="137.6048160531908"><ele>2486.2</ele><time>2016-08-19T19:34:57Z</time></trkpt>
<trkpt lat="36.5747343097223" lon="137.6048566216022"><ele>2487.0</ele><time>2016-08-19T19:35:04Z</time></trkpt>
<trkpt lat="36.5747050149707" lon="137.6050421131194"><ele>2490.0</ele><time>2016-08-19T19:35:23Z</time></trkpt>
<trkpt lat="36.5746759716762" lon="137.6050661691815"><ele>2493.5</ele><time>2016-08-19T19:35:36Z</time></trkpt>
<trkpt lat="36.5746187232775" lon="137.6053540037364"><ele>2497.1</ele><time>2016-08-19T19:36:02Z</time></trkpt>
<trkpt lat="36.5745466389103" lon="137.6055167802960"><ele>2496.6</ele><time>2016-08-19T19:36:24Z</time></trkpt>
<trkpt lat="36.5743568307129" lon="137.6058223844856"><ele>2500.3</ele><time>2016-08-19T19:36:58Z</time></trkpt>
<trkpt lat="36.5743044438181" lon="137.6060077083647"><ele>2502.5</ele><time>2016-08-19T19:37:16Z</time></trkpt>
<trkpt lat="36.5743201598866" lon="137.6060192753911"><ele>2503.1</ele><time>2016-08-19T19:37:20Z</time></trkpt>
<trkpt lat="36.5742939245296" lon="137.6061440819293"><ele>2504.1</ele><time>2016-08-19T19:37:32Z</time></trkpt>
<trkpt lat="36.5740838321266" lon="137.6065340918839"><ele>2510.7</ele><time>2016-08-19T19:38:33Z</time></trkpt>
<trkpt lat="36.5740715526385" lon="137.6066773386091"><ele>2514.1</ele><time>2016-08-19T19:38:56Z</time></trkpt>
<trkpt lat="36.5739859734071" lon="137.6068442223012"><ele>2517.5</ele><time>2016-08-19T19:39:16Z</time></trkpt>
<trkpt lat="36.5739456983624" lon="137.6068575495273"><ele>2518.4</ele><time>2016-08-19T19:39:26Z</time></trkpt>
<trkpt lat="36.5738605801357" lon="137.6069493313670"><ele>2520.6</ele><time>2016-08-19T19:39:45Z</time></trkpt>
<trkpt lat="36.5738169523297" lon="137.6069494151861"><ele>2522.6</ele><time>2016-08-19T19:40:08Z</time></trkpt>
<trkpt lat="36.5737962909383" lon="137.6070009638906"><ele>2522.2</ele><time>2016-08-19T19:40:13Z</time></trkpt>
<trkpt lat="36.5738126775590" lon="137.6070218348295"><ele>2521.8</ele><time>2016-08-19T19:41:06Z</time></trkpt>
<trkpt lat="36.5738039603797" lon="137.6069966053009"><ele>2522.8</ele><time>2016-08-19T19:41:10Z</time></trkpt>
<trkpt lat="36.5737711452288" lon="137.6070111059934"><ele>2523.9</ele><time>2016-08-19T19:41:16Z</time></trkpt>
<trkpt lat="36.5736909304155" lon="137.6070111898124"><ele>2524.0</ele><time>2016-08-19T19:41:26Z</time></trkpt>
<trkpt lat="36.5736945346338" lon="137.6070401073784"><ele>2525.1</ele><time>2016-08-19T19:42:06Z</time></trkpt>
<trkpt lat="36.5736335981978" lon="137.6070714556962"><ele>2527.0</ele><time>2016-08-19T19:42:13Z</time></trkpt>
<trkpt lat="36.5735923173247" lon="137.6070719586104"><ele>2527.5</ele><time>2016-08-19T19:42:53Z</time></trkpt>
<trkpt lat="36.5733867092399" lon="137.6070768201143"><ele>2530.5</ele><time>2016-08-19T19:43:14Z</time></trkpt>
<trkpt lat="36.5732813068075" lon="137.6071833541036"><ele>2535.3</ele><time>2016-08-19T19:43:35Z</time></trkpt>
<trkpt lat="36.5731870103968" lon="137.6073191409349"><ele>2543.5</ele><time>2016-08-19T19:44:04Z</time></trkpt>
<trkpt lat="36.5729545802219" lon="137.6076381561697"><ele>2547.3</ele><time>2016-08-19T19:44:41Z</time></trkpt>
<trkpt lat="36.5728464536709" lon="137.6078318619520"><ele>2549.7</ele><time>2016-08-19T19:45:12Z</time></trkpt>
<trkpt lat="36.5728238644419" lon="137.6079262421817"><ele>2552.4</ele><time>2016-08-19T19:45:21Z</time></trkpt>
<trkpt lat="36.5727959527043" lon="137.6081688982785"><ele>2558.3</ele><time>2016-08-19T19:46:04Z</time></trkpt>
<trkpt lat="36.5728140576152" lon="137.6082486101776"><ele>2559.7</ele><time>2016-08-19T19:46:16Z</time></trkpt>
<trkpt lat="36.5727850562302" lon="137.6083566529095"><ele>2561.2</ele><time>2016-08-19T19:46:24Z</time></trkpt>
<trkpt lat="36.5727578569544" lon="137.6084354427993"><ele>2562.2</ele><time>2016-08-19T19:46:38Z</time></trkpt>
<trkpt lat="36.5727651073007" lon="137.6085067727953"><ele>2563.6</ele><time>2016-08-19T19:46:51Z</time></trkpt>
<trkpt lat="36.5727897081865" lon="137.6085410547793"><ele>2563.8</ele><time>2016-08-19T19:46:55Z</time></trkpt>
<trkpt lat="36.5727995988322" lon="137.6086565574050"><ele>2565.6</ele><time>2016-08-19T19:47:06Z</time></trkpt>
<trkpt lat="36.5727379080249" lon="137.6088252851158"><ele>2566.5</ele><time>2016-08-19T19:47:20Z</time></trkpt>
<trkpt lat="36.5726021211935" lon="137.6089100261569"><ele>2566.7</ele><time>2016-08-19T19:47:43Z</time></trkpt>
<trkpt lat="36.5725509496746" lon="137.6089678612888"><ele>2567.4</ele><time>2016-08-19T19:47:53Z</time></trkpt>
<trkpt lat="36.5725029213695" lon="137.6090054122150"><ele>2569.1</ele><time>2016-08-19T19:48:05Z</time></trkpt>
<trkpt lat="36.5724553121594" lon="137.6090520994157"><ele>2569.8</ele><time>2016-08-19T19:48:13Z</time></trkpt>
<trkpt lat="36.5724656638099" lon="137.6091243514210"><ele>2570.9</ele><time>2016-08-19T19:48:20Z</time></trkpt>
<trkpt lat="36.5724791167644" lon="137.6091546939105"><ele>2572.4</ele><time>2016-08-19T19:48:29Z</time></trkpt>
<trkpt lat="36.5724683879284" lon="137.6091816836387"><ele>2573.7</ele><time>2016-08-19T19:48:36Z</time></trkpt>
<trkpt lat="36.5725207329137" lon="137.6092134510517"><ele>2574.9</ele><time>2016-08-19T19:48:49Z</time></trkpt>
<trkpt lat="36.5725289471788" lon="137.6092427038938"><ele>2575.9</ele><time>2016-08-19T19:48:53Z</time></trkpt>
<trkpt lat="36.5725506563080" lon="137.6092359983712"><ele>2576.2</ele><time>2016-08-19T19:48:58Z</time></trkpt>
<trkpt lat="36.5723240934653" lon="137.6094004513115"><ele>2581.9</ele><time>2016-08-19T19:49:40Z</time></trkpt>
<trkpt lat="36.5722932480616" lon="137.6094973461121"><ele>2582.9</ele><time>2016-08-19T19:49:45Z</time></trkpt>
<trkpt lat="36.5723036835311" lon="137.6094457135886"><ele>2589.0</ele><time>2016-08-19T19:50:16Z</time></trkpt>
<trkpt lat="36.5723350318489" lon="137.6094737091452"><ele>2588.1</ele><time>2016-08-19T19:50:20Z</time></trkpt>
<trkpt lat="36.5723476047037" lon="137.6095370763332"><ele>2590.0</ele><time>2016-08-19T19:50:32Z</time></trkpt>
<trkpt lat="36.5723201120613" lon="137.6095895470470"><ele>2591.0</ele><time>2016-08-19T19:50:39Z</time></trkpt>
<trkpt lat="36.5723183518616" lon="137.6096401737422"><ele>2592.8</ele><time>2016-08-19T19:50:49Z</time></trkpt>
<trkpt lat="36.5723637398673" lon="137.6096283552587"><ele>2593.6</ele><time>2016-08-19T19:51:01Z</time></trkpt>
<trkpt lat="36.5723181004045" lon="137.6096956619412"><ele>2594.3</ele><time>2016-08-19T19:51:07Z</time></trkpt>
<trkpt lat="36.5722430823711" lon="137.6097543352634"><ele>2596.5</ele><time>2016-08-19T19:51:19Z</time></trkpt>
<trkpt lat="36.5722195292232" lon="137.6097489708453"><ele>2597.4</ele><time>2016-08-19T19:51:25Z</time></trkpt>
<trkpt lat="36.5721860435201" lon="137.6097871923238"><ele>2597.1</ele><time>2016-08-19T19:51:30Z</time></trkpt>
<trkpt lat="36.5721218381418" lon="137.6097872761428"><ele>2599.8</ele><time>2016-08-19T19:51:45Z</time></trkpt>
<trkpt lat="36.5720848739488" lon="137.6097731945455"><ele>2600.5</ele><time>2016-08-19T19:51:57Z</time></trkpt>
<trkpt lat="36.5719827404586" lon="137.6098525711685"><ele>2607.7</ele><time>2016-08-19T19:52:37Z</time></trkpt>
<trkpt lat="36.5719601931391" lon="137.6098510624260"><ele>2608.5</ele><time>2016-08-19T19:52:42Z</time></trkpt>
<trkpt lat="36.5719240252269" lon="137.6099061315298"><ele>2608.5</ele><time>2016-08-19T19:52:49Z</time></trkpt>
<trkpt lat="36.5718239033935" lon="137.6099722647458"><ele>2610.7</ele><time>2016-08-19T19:53:07Z</time></trkpt>
<trkpt lat="36.5718018170787" lon="137.6099726000220"><ele>2610.6</ele><time>2016-08-19T19:53:09Z</time></trkpt>
<trkpt lat="36.5718000987885" lon="137.6100068820059"><ele>2609.6</ele><time>2016-08-19T19:54:03Z</time></trkpt>
<trkpt lat="36.5718353446914" lon="137.6099847537816"><ele>2609.7</ele><time>2016-08-19T19:54:13Z</time></trkpt>
<trkpt lat="36.5717861010102" lon="137.6100450196654"><ele>2611.1</ele><time>2016-08-19T19:54:55Z</time></trkpt>
<trkpt lat="36.5718039544640" lon="137.6100391523331"><ele>2611.1</ele><time>2016-08-19T19:55:26Z</time></trkpt>
<trkpt lat="36.5718034515498" lon="137.6100148448139"><ele>2612.7</ele><time>2016-08-19T19:56:18Z</time></trkpt>
<trkpt lat="36.5717874002052" lon="137.6100371406764"><ele>2612.9</ele><time>2016-08-19T19:56:53Z</time></trkpt>
<trkpt lat="36.5717642242429" lon="137.6100386494190"><ele>2612.9</ele><time>2016-08-19T19:56:56Z</time></trkpt>
<trkpt lat="36.5717834607107" lon="137.6100433432847"><ele>2612.7</ele><time>2016-08-19T19:57:04Z</time></trkpt>
<trkpt lat="36.5716500627218" lon="137.6101699938417"><ele>2612.1</ele><time>2016-08-19T19:57:30Z</time></trkpt>
<trkpt lat="36.5716213966129" lon="137.6102664695472"><ele>2613.3</ele><time>2016-08-19T19:57:40Z</time></trkpt>
<trkpt lat="36.5716446563942" lon="137.6103689802229"><ele>2618.0</ele><time>2016-08-19T19:58:10Z</time></trkpt>
<trkpt lat="36.5717723127795" lon="137.6104388014764"><ele>2620.6</ele><time>2016-08-19T19:58:32Z</time></trkpt>
<trkpt lat="36.5717781382022" lon="137.6104613487959"><ele>2622.3</ele><time>2016-08-19T19:58:40Z</time></trkpt>
<trkpt lat="36.5716870688243" lon="137.6105619316340"><ele>2625.1</ele><time>2016-08-19T19:58:55Z</time></trkpt>
<trkpt lat="36.5716625098480" lon="137.6105626860052"><ele>2625.4</ele><time>2016-08-19T19:59:00Z</time></trkpt>
<trkpt lat="36.5716223605318" lon="137.6106164140046"><ele>2628.0</ele><time>2016-08-19T19:59:19Z</time></trkpt>
<trkpt lat="36.5715484740553" lon="137.6106670406997"><ele>2629.5</ele><time>2016-08-19T19:59:30Z</time></trkpt>
<trkpt lat="36.5715215681461" lon="137.6107004844934"><ele>2631.4</ele><time>2016-08-19T19:59:47Z</time></trkpt>
<trkpt lat="36.5714536747304" lon="137.6107309946209"><ele>2631.8</ele><time>2016-08-19T19:59:54Z</time></trkpt>
<trkpt lat="36.5714469272984" lon="137.6107743290603"><ele>2634.0</ele><time>2016-08-19T20:00:06Z</time></trkpt>
<trkpt lat="36.5713742142884" lon="137.6108186693281"><ele>2638.5</ele><time>2016-08-19T20:00:29Z</time></trkpt>
<trkpt lat="36.5713019203735" lon="137.6108347625822"><ele>2639.6</ele><time>2016-08-19T20:00:40Z</time></trkpt>
<trkpt lat="36.5712597174911" lon="137.6108719782323"><ele>2640.4</ele><time>2016-08-19T20:00:52Z</time></trkpt>
<trkpt lat="36.5712192328987" lon="137.6108695474803"><ele>2645.4</ele><time>2016-08-19T20:01:10Z</time></trkpt>
<trkpt lat="36.5711761499164" lon="137.6109516901314"><ele>2646.0</ele><time>2016-08-19T20:01:27Z</time></trkpt>
<trkpt lat="36.5712034330113" lon="137.6110604034156"><ele>2647.7</ele><time>2016-08-19T20:01:39Z</time></trkpt>
<trkpt lat="36.5712517127735" lon="137.6111266204506"><ele>2648.3</ele><time>2016-08-19T20:01:48Z</time></trkpt>
<trkpt lat="36.5712884674189" lon="137.6112246048987"><ele>2650.2</ele><time>2016-08-19T20:02:00Z</time></trkpt>
<trkpt lat="36.5712716617031" lon="137.6112598927110"><ele>2650.3</ele><time>2016-08-19T20:02:04Z</time></trkpt>
<trkpt lat="36.5712791215969" lon="137.6113396884292"><ele>2652.1</ele><time>2016-08-19T20:02:14Z</time></trkpt>
<trkpt lat="36.5712800016967" lon="137.6114391816199"><ele>2654.5</ele><time>2016-08-19T20:02:30Z</time></trkpt>
<trkpt lat="36.5713081229819" lon="137.6114362479538"><ele>2655.8</ele><time>2016-08-19T20:02:42Z</time></trkpt>
<trkpt lat="36.5712298779158" lon="137.6115126909107"><ele>2654.8</ele><time>2016-08-19T20:03:01Z</time></trkpt>
<trkpt lat="36.5711361263288" lon="137.6115079970449"><ele>2655.6</ele><time>2016-08-19T20:03:18Z</time></trkpt>
<trkpt lat="36.5711072925819" lon="137.6115795784980"><ele>2657.4</ele><time>2016-08-19T20:03:29Z</time></trkpt>
<trkpt lat="36.5711187757892" lon="137.6116005332559"><ele>2657.9</ele><time>2016-08-19T20:03:34Z</time></trkpt>
<trkpt lat="36.5711590089244" lon="137.6115846914589"><ele>2659.5</ele><time>2016-08-19T20:03:44Z</time></trkpt>
<trkpt lat="36.5711703664032" lon="137.6116033831030"><ele>2659.5</ele><time>2016-08-19T20:03:50Z</time></trkpt>
<trkpt lat="36.5710769500924" lon="137.6116487291992"><ele>2663.3</ele><time>2016-08-19T20:04:05Z</time></trkpt>
<trkpt lat="36.5711175185037" lon="137.6116974280566"><ele>2667.4</ele><time>2016-08-19T20:04:31Z</time></trkpt>
<trkpt lat="36.5710172709418" lon="137.6117615496159"><ele>2671.2</ele><time>2016-08-19T20:05:01Z</time></trkpt>
<trkpt lat="36.5710249403832" lon="137.6117248368800"><ele>2671.3</ele><time>2016-08-19T20:05:03Z</time></trkpt>
<trkpt lat="36.5711139981044" lon="137.6117869467825"><ele>2675.0</ele><time>2016-08-19T20:05:28Z</time></trkpt>
<trkpt lat="36.5710949292747" lon="137.6118377411157"><ele>2678.6</ele><time>2016-08-19T20:05:49Z</time></trkpt>
<trkpt lat="36.5710485773502" lon="137.6118371543825"><ele>2679.7</ele><time>2016-08-19T20:05:56Z</time></trkpt>
<trkpt lat="36.5710306400774" lon="137.6118236595184"><ele>2679.7</ele><time>2016-08-19T20:05:58Z</time></trkpt>
<trkpt lat="36.5710142953662" lon="137.6118331310689"><ele>2680.3</ele><time>2016-08-19T20:06:02Z</time></trkpt>
<trkpt lat="36.5709945978937" lon="137.6118896250963"><ele>2680.6</ele><time>2016-08-19T20:06:07Z</time></trkpt>
<trkpt lat="36.5708807297392" lon="137.6119496395230"><ele>2683.8</ele><time>2016-08-19T20:06:34Z</time></trkpt>
<trkpt lat="36.5707790991632" lon="137.6120160241962"><ele>2686.8</ele><time>2016-08-19T20:07:02Z</time></trkpt>
<trkpt lat="36.5707047516821" lon="137.6121270844132"><ele>2690.5</ele><time>2016-08-19T20:07:26Z</time></trkpt>
<trkpt lat="36.5706208488313" lon="137.6121736039758"><ele>2688.3</ele><time>2016-08-19T20:07:39Z</time></trkpt>
<trkpt lat="36.5705806576056" lon="137.6121406630963"><ele>2688.4</ele><time>2016-08-19T20:07:45Z</time></trkpt>
<trkpt lat="36.5705037117345" lon="137.6122202911764"><ele>2693.8</ele><time>2016-08-19T20:07:59Z</time></trkpt>
<trkpt lat="36.5704711480407" lon="137.6123262384325"><ele>2690.5</ele><time>2016-08-19T20:08:18Z</time></trkpt>
<trkpt lat="36.5704679210080" lon="137.6122707502335"><ele>2694.9</ele><time>2016-08-19T20:08:25Z</time></trkpt>
<trkpt lat="36.5704420209272" lon="137.6123100613594"><ele>2693.3</ele><time>2016-08-19T20:09:20Z</time></trkpt>
<trkpt lat="36.5704052662817" lon="137.6123290882796"><ele>2693.5</ele><time>2016-08-19T20:10:50Z</time></trkpt>
<trkpt lat="36.5704712737692" lon="137.6123119053781"><ele>2693.0</ele><time>2016-08-19T20:11:40Z</time></trkpt>
<trkpt lat="36.5704825474290" lon="137.6122895256966"><ele>2686.1</ele><time>2016-08-19T20:11:46Z</time></trkpt>
<trkpt lat="36.5704435715792" lon="137.6122602728546"><ele>2689.7</ele><time>2016-08-19T20:12:13Z</time></trkpt>
<trkpt lat="36.5704545099629" lon="137.6122820658028"><ele>2690.0</ele><time>2016-08-19T20:12:18Z</time></trkpt>
<trkpt lat="36.5704436134888" lon="137.6123439242482"><ele>2693.4</ele><time>2016-08-19T20:12:25Z</time></trkpt>
<trkpt lat="36.5704925638033" lon="137.6122694091290"><ele>2692.1</ele><time>2016-08-19T20:12:50Z</time></trkpt>
<trkpt lat="36.5705296537248" lon="137.6121674851865"><ele>2698.2</ele><time>2016-08-19T20:13:47Z</time></trkpt>
<trkpt lat="36.5705993492497" lon="137.6120939758956"><ele>2698.2</ele><time>2016-08-19T20:14:17Z</time></trkpt>
<trkpt lat="36.5706411330370" lon="137.6121095662355"><ele>2698.0</ele><time>2016-08-19T20:15:08Z</time></trkpt>
<trkpt lat="36.5706459945408" lon="137.6121315268219"><ele>2697.1</ele><time>2016-08-19T20:15:13Z</time></trkpt>
<trkpt lat="36.5706011932684" lon="137.6120926347911"><ele>2696.7</ele><time>2016-08-19T20:17:29Z</time></trkpt>
<trkpt lat="36.5705500217495" lon="137.6121523977608"><ele>2698.3</ele><time>2016-08-19T20:17:38Z</time></trkpt>
<trkpt lat="36.5705131832851" lon="137.6122239792138"><ele>2696.4</ele><time>2016-08-19T20:17:44Z</time></trkpt>
<trkpt lat="36.5704519534824" lon="137.6122223866522"><ele>2697.3</ele><time>2016-08-19T20:18:01Z</time></trkpt>
<trkpt lat="36.5704331361098" lon="137.6122350433260"><ele>2699.0</ele><time>2016-08-19T20:20:23Z</time></trkpt>
<trkpt lat="36.5704487264497" lon="137.6122227219284"><ele>2701.1</ele><time>2016-08-19T20:21:20Z</time></trkpt>
<trkpt lat="36.5704869479282" lon="137.6122333669454"><ele>2701.9</ele><time>2016-08-19T20:21:27Z</time></trkpt>
<trkpt lat="36.5705414302988" lon="137.6121908706963"><ele>2701.3</ele><time>2016-08-19T20:21:38Z</time></trkpt>
<trkpt lat="36.5705503570256" lon="137.6121381485254"><ele>2702.1</ele><time>2016-08-19T20:21:45Z</time></trkpt>
<trkpt lat="36.5705351857809" lon="137.6121150144726"><ele>2700.9</ele><time>2016-08-19T20:22:36Z</time></trkpt>
<trkpt lat="36.5705511952160" lon="137.6121329517454"><ele>2699.5</ele><time>2016-08-19T20:22:56Z</time></trkpt>
<trkpt lat="36.5705377422614" lon="137.6121479553521"><ele>2700.0</ele><time>2016-08-19T20:23:01Z</time></trkpt>
<trkpt lat="36.5705750836400" lon="137.6122176927865"><ele>2700.7</ele><time>2016-08-19T20:23:13Z</time></trkpt>
<trkpt lat="36.5706961602313" lon="137.6122160164058"><ele>2702.0</ele><time>2016-08-19T20:23:28Z</time></trkpt>
<trkpt lat="36.5707396623088" lon="137.6122110710830"><ele>2702.9</ele><time>2016-08-19T20:23:33Z</time></trkpt>
<trkpt lat="36.5708181588320" lon="137.6122583450168"><ele>2706.6</ele><time>2016-08-19T20:23:48Z</time></trkpt>
<trkpt lat="36.5708718030123" lon="137.6123137493968"><ele>2708.3</ele><time>2016-08-19T20:24:06Z</time></trkpt>
<trkpt lat="36.5709668537942" lon="137.6123386436492"><ele>2711.6</ele><time>2016-08-19T20:24:36Z</time></trkpt>
<trkpt lat="36.5709799714727" lon="137.6124360413641"><ele>2713.6</ele><time>2016-08-19T20:25:09Z</time></trkpt>
<trkpt lat="36.5709984116597" lon="137.6124697366148"><ele>2714.0</ele><time>2016-08-19T20:25:17Z</time></trkpt>
<trkpt lat="36.5709627885712" lon="137.6125115623117"><ele>2714.6</ele><time>2016-08-19T20:25:23Z</time></trkpt>
<trkpt lat="36.5709578432483" lon="137.6124663838536"><ele>2714.4</ele><time>2016-08-19T20:25:27Z</time></trkpt>
<trkpt lat="36.5710439253939" lon="137.6125248895377"><ele>2719.2</ele><time>2016-08-19T20:25:51Z</time></trkpt>
<trkpt lat="36.5710492059929" lon="137.6125752647758"><ele>2721.3</ele><time>2016-08-19T20:26:14Z</time></trkpt>
<trkpt lat="36.5710314782677" lon="137.6125818026602"><ele>2715.8</ele><time>2016-08-19T20:26:18Z</time></trkpt>
<trkpt lat="36.5710317716343" lon="137.6126097143978"><ele>2728.9</ele><time>2016-08-19T20:26:35Z</time></trkpt>
<trkpt lat="36.5710597671909" lon="137.6126411465347"><ele>2725.6</ele><time>2016-08-19T20:27:12Z</time></trkpt>
<trkpt lat="36.5711557818917" lon="137.6126643644065"><ele>2726.4</ele><time>2016-08-19T20:27:52Z</time></trkpt>
<trkpt lat="36.5711781196637" lon="137.6126415656298"><ele>2726.9</ele><time>2016-08-19T20:28:02Z</time></trkpt>
<trkpt lat="36.5712585859341" lon="137.6127100457788"><ele>2735.1</ele><time>2016-08-19T20:28:45Z</time></trkpt>
<trkpt lat="36.5712697338653" lon="137.6127492730856"><ele>2735.5</ele><time>2016-08-19T20:28:51Z</time></trkpt>
<trkpt lat="36.5712942090226" lon="137.6127781906515"><ele>2735.8</ele><time>2016-08-19T20:29:05Z</time></trkpt>
<trkpt lat="36.5712288720874" lon="137.6128139813781"><ele>2739.0</ele><time>2016-08-19T20:29:35Z</time></trkpt>
<trkpt lat="36.5712729608981" lon="137.6128521190375"><ele>2737.9</ele><time>2016-08-19T20:30:07Z</time></trkpt>
<trkpt lat="36.5713104699148" lon="137.6130146441400"><ele>2749.2</ele><time>2016-08-19T20:31:27Z</time></trkpt>
<trkpt lat="36.5712977713315" lon="137.6130754129380"><ele>2753.2</ele><time>2016-08-19T20:32:14Z</time></trkpt>
<trkpt lat="36.5713120624764" lon="137.6131047495991"><ele>2756.1</ele><time>2016-08-19T20:32:50Z</time></trkpt>
<trkpt lat="36.5712984418837" lon="137.6131382772118"><ele>2756.8</ele><time>2016-08-19T20:32:59Z</time></trkpt>
<trkpt lat="36.5713309217585" lon="137.6131689549774"><ele>2759.4</ele><time>2016-08-19T20:33:13Z</time></trkpt>
<trkpt lat="36.5713603841481" lon="137.6131444798201"><ele>2759.0</ele><time>2016-08-19T20:33:32Z</time></trkpt>
<trkpt lat="36.5713568637488" lon="137.6131676138729"><ele>2760.3</ele><time>2016-08-19T20:33:38Z</time></trkpt>
<trkpt lat="36.5713761421261" lon="137.6131666080445"><ele>2760.8</ele><time>2016-08-19T20:33:45Z</time></trkpt>
<trkpt lat="36.5713895950807" lon="137.6131869760692"><ele>2763.7</ele><time>2016-08-19T20:34:06Z</time></trkpt>
<trkpt lat="36.5714338515294" lon="137.6131768339664"><ele>2766.3</ele><time>2016-08-19T20:34:48Z</time></trkpt>
<trkpt lat="36.5714913513852" lon="137.6132293046802"><ele>2769.3</ele><time>2016-08-19T20:35:05Z</time></trkpt>
<trkpt lat="36.5715287765829" lon="137.6132402011544"><ele>2771.1</ele><time>2016-08-19T20:35:33Z</time></trkpt>
<trkpt lat="36.5715343505485" lon="137.6133469027817"><ele>2774.3</ele><time>2016-08-19T20:35:57Z</time></trkpt>
<trkpt lat="36.5715648187665" lon="137.6133938414395"><ele>2778.5</ele><time>2016-08-19T20:36:27Z</time></trkpt>
<trkpt lat="36.5715357335625" lon="137.6134122816265"><ele>2781.0</ele><time>2016-08-19T20:36:34Z</time></trkpt>
<trkpt lat="36.5715310396967" lon="137.6134537720472"><ele>2782.0</ele><time>2016-08-19T20:36:42Z</time></trkpt>
<trkpt lat="36.5715643158523" lon="137.6135029738188"><ele>2787.0</ele><time>2016-08-19T20:38:06Z</time></trkpt>
<trkpt lat="36.5715508628977" lon="137.6135233418435"><ele>2787.6</ele><time>2016-08-19T20:38:12Z</time></trkpt>
<trkpt lat="36.5715726558460" lon="137.6136074961513"><ele>2790.3</ele><time>2016-08-19T20:38:29Z</time></trkpt>
<trkpt lat="36.5715862345291" lon="137.6136505791336"><ele>2790.2</ele><time>2016-08-19T20:38:38Z</time></trkpt>
<trkpt lat="36.5716077760203" lon="137.6136511658669"><ele>2790.6</ele><time>2016-08-19T20:38:42Z</time></trkpt>
<trkpt lat="36.5716371965004" lon="137.6137474739343"><ele>2795.3</ele><time>2016-08-19T20:39:47Z</time></trkpt>
<trkpt lat="36.5716547984970" lon="137.6138432790875"><ele>2802.6</ele><time>2016-08-19T20:40:55Z</time></trkpt>
<trkpt lat="36.5716419741852" lon="137.6139266790241"><ele>2804.5</ele><time>2016-08-19T20:41:20Z</time></trkpt>
<trkpt lat="36.5716532897545" lon="137.6139457897633"><ele>2805.6</ele><time>2016-08-19T20:41:32Z</time></trkpt>
<trkpt lat="36.5716412617234" lon="137.6139674988925"><ele>2806.7</ele><time>2016-08-19T20:41:45Z</time></trkpt>
<trkpt lat="36.5716552595017" lon="137.6140158624738"><ele>2814.6</ele><time>2016-08-19T20:42:36Z</time></trkpt>
<trkpt lat="36.5716915112329" lon="137.6140083187610"><ele>2812.9</ele><time>2016-08-19T20:42:50Z</time></trkpt>
<trkpt lat="36.5717086522249" lon="137.6140213945299"><ele>2812.6</ele><time>2016-08-19T20:42:52Z</time></trkpt>
<trkpt lat="36.5717324987394" lon="137.6140054689139"><ele>2817.3</ele><time>2016-08-19T20:43:17Z</time></trkpt>
<trkpt lat="36.5718034515498" lon="137.6140510664672"><ele>2819.5</ele><time>2016-08-19T20:43:38Z</time></trkpt>
<trkpt lat="36.5718005597932" lon="137.6140833367944"><ele>2819.8</ele><time>2016-08-19T20:43:51Z</time></trkpt>
<trkpt lat="36.5717718936843" lon="137.6141086501420"><ele>2821.3</ele><time>2016-08-19T20:43:58Z</time></trkpt>
<trkpt lat="36.5717951534657" lon="137.6141455305159"><ele>2824.8</ele><time>2016-08-19T20:44:45Z</time></trkpt>
<trkpt lat="36.5717577701775" lon="137.6142306906521"><ele>2825.2</ele><time>2016-08-19T20:45:22Z</time></trkpt>
<trkpt lat="36.5717728576032" lon="137.6143108216465"><ele>2829.1</ele><time>2016-08-19T20:45:55Z</time></trkpt>
<trkpt lat="36.5717376117004" lon="137.6143694949687"><ele>2831.3</ele><time>2016-08-19T20:46:33Z</time></trkpt>
<trkpt lat="36.5718088159678" lon="137.6144056209713"><ele>2836.7</ele><time>2016-08-19T20:47:18Z</time></trkpt>
<trkpt lat="36.5718279267071" lon="137.6143893600792"><ele>2838.2</ele><time>2016-08-19T20:47:23Z</time></trkpt>
<trkpt lat="36.5717897890476" lon="137.6144647133887"><ele>2839.8</ele><time>2016-08-19T20:47:33Z</time></trkpt>
<trkpt lat="36.5718334587631" lon="137.6145341155469"><ele>2845.0</ele><time>2016-08-19T20:48:35Z</time></trkpt>
<trkpt lat="36.5718276333404" lon="137.6145585907042"><ele>2845.4</ele><time>2016-08-19T20:48:38Z</time></trkpt>
<trkpt lat="36.5719024837358" lon="137.6146359556705"><ele>2849.9</ele><time>2016-08-19T20:49:12Z</time></trkpt>
<trkpt lat="36.5718705486847" lon="137.6147020050675"><ele>2852.2</ele><time>2016-08-19T20:49:40Z</time></trkpt>
<trkpt lat="36.5718624182386" lon="137.6147606783897"><ele>2855.0</ele><time>2016-08-19T20:50:07Z</time></trkpt>
<trkpt lat="36.5718242386697" lon="137.6147746761680"><ele>2859.0</ele><time>2016-08-19T20:51:07Z</time></trkpt>
<trkpt lat="36.5718165273187" lon="137.6148591657519"><ele>2861.6</ele><time>2016-08-19T20:51:39Z</time></trkpt>
<trkpt lat="36.5717817005111" lon="137.6148861554801"><ele>2863.0</ele><time>2016-08-19T20:51:56Z</time></trkpt>
<trkpt lat="36.5717913396997" lon="137.6149535459816"><ele>2864.9</ele><time>2016-08-19T20:52:14Z</time></trkpt>
<trkpt lat="36.5718106180770" lon="137.6149884146988"><ele>2865.5</ele><time>2016-08-19T20:52:20Z</time></trkpt>
<trkpt lat="36.5718736499889" lon="137.6149821282715"><ele>2866.7</ele><time>2016-08-19T20:52:38Z</time></trkpt>
<trkpt lat="36.5718487138269" lon="137.6150555537432"><ele>2868.9</ele><time>2016-08-19T20:52:51Z</time></trkpt>
<trkpt lat="36.5718903299762" lon="137.6150824596524"><ele>2871.1</ele><time>2016-08-19T20:53:18Z</time></trkpt>
<trkpt lat="36.5718831215394" lon="137.6151842159569"><ele>2876.7</ele><time>2016-08-19T20:53:50Z</time></trkpt>
<trkpt lat="36.5718321176586" lon="137.6152210963309"><ele>2880.6</ele><time>2016-08-19T20:54:04Z</time></trkpt>
<trkpt lat="36.5718117496339" lon="137.6153152251035"><ele>2886.4</ele><time>2016-08-19T20:55:40Z</time></trkpt>
<trkpt lat="36.5718965325845" lon="137.6153485850781"><ele>2886.7</ele><time>2016-08-19T20:55:54Z</time></trkpt>
<trkpt lat="36.5719270427121" lon="137.6154101082474"><ele>2884.7</ele><time>2016-08-19T20:57:22Z</time></trkpt>
<trkpt lat="36.5719249053267" lon="137.6154426300317"><ele>2885.8</ele><time>2016-08-19T20:58:33Z</time></trkpt>
<trkpt lat="36.5719820699064" lon="137.6155542769820"><ele>2890.0</ele><time>2016-08-19T20:58:58Z</time></trkpt>
<trkpt lat="36.5719604445962" lon="137.6155519300491"><ele>2889.6</ele><time>2016-08-19T20:59:02Z</time></trkpt>
<trkpt lat="36.5719457343561" lon="137.6155723818928"><ele>2892.2</ele><time>2016-08-19T20:59:05Z</time></trkpt>
<trkpt lat="36.5719707962466" lon="137.6155865473092"><ele>2892.3</ele><time>2016-08-19T20:59:10Z</time></trkpt>
<trkpt lat="36.5719542419878" lon="137.6156781615108"><ele>2894.2</ele><time>2016-08-19T20:59:23Z</time></trkpt>
<trkpt lat="36.5719684493137" lon="137.6156976075262"><ele>2894.5</ele><time>2016-08-19T20:59:28Z</time></trkpt>
<trkpt lat="36.5719725983558" lon="137.6157435403556"><ele>2896.9</ele><time>2016-08-19T20:59:36Z</time></trkpt>
<trkpt lat="36.5720435511661" lon="137.6157932450414"><ele>2896.9</ele><time>2016-08-19T20:59:51Z</time></trkpt>
<trkpt lat="36.5720673138616" lon="137.6158051473439"><ele>2898.8</ele><time>2016-08-19T21:00:00Z</time></trkpt>
<trkpt lat="36.5720297629354" lon="137.6158842725098"><ele>2900.4</ele><time>2016-08-19T21:00:16Z</time></trkpt>
<trkpt lat="36.5720517235217" lon="137.6158891340137"><ele>2900.2</ele><time>2016-08-19T21:00:35Z</time></trkpt>
<trkpt lat="36.5720435511661" lon="137.6159950812697"><ele>2906.1</ele><time>2016-08-19T21:01:01Z</time></trkpt>
<trkpt lat="36.5720962314276" lon="137.6161026210874"><ele>2908.6</ele><time>2016-08-19T21:01:26Z</time></trkpt>
<trkpt lat="36.5720781265167" lon="137.6161080693245"><ele>2909.5</ele><time>2016-08-19T21:01:28Z</time></trkpt>
<trkpt lat="36.5720933815805" lon="137.6161400043756"><ele>2911.9</ele><time>2016-08-19T21:01:47Z</time></trkpt>
<trkpt lat="36.5721424576236" lon="137.6161504817545"><ele>2911.2</ele><time>2016-08-19T21:02:22Z</time></trkpt>
<trkpt lat="36.5721779130740" lon="137.6161923912704"><ele>2911.4</ele><time>2016-08-19T21:02:36Z</time></trkpt>
<trkpt lat="36.5722372988579" lon="137.6162163635135"><ele>2915.8</ele><time>2016-08-19T21:03:20Z</time></trkpt>
<trkpt lat="36.5722545655785" lon="137.6162791439682"><ele>2916.2</ele><time>2016-08-19T21:03:29Z</time></trkpt>
<trkpt lat="36.5722732572226" lon="137.6162943152130"><ele>2917.7</ele><time>2016-08-19T21:03:49Z</time></trkpt>
<trkpt lat="36.5722527634693" lon="137.6163280942827"><ele>2919.7</ele><time>2016-08-19T21:04:02Z</time></trkpt>
<trkpt lat="36.5722530568359" lon="137.6163831633866"><ele>2921.9</ele><time>2016-08-19T21:04:19Z</time></trkpt>
<trkpt lat="36.5723012527791" lon="137.6163979993552"><ele>2924.5</ele><time>2016-08-19T21:05:01Z</time></trkpt>
<trkpt lat="36.5723224589942" lon="137.6163870190620"><ele>2928.4</ele><time>2016-08-19T21:05:45Z</time></trkpt>
<trkpt lat="36.5723882988436" lon="137.6165197045893"><ele>2932.4</ele><time>2016-08-19T21:06:53Z</time></trkpt>
<trkpt lat="36.5722998697651" lon="137.6167408191949"><ele>2946.8</ele><time>2016-08-19T21:08:28Z</time></trkpt>
<trkpt lat="36.5722982772035" lon="137.6168507897645"><ele>2951.2</ele><time>2016-08-19T21:09:03Z</time></trkpt>
<trkpt lat="36.5722829383207" lon="137.6168662124664"><ele>2951.6</ele><time>2016-08-19T21:09:07Z</time></trkpt>
<trkpt lat="36.5722821839494" lon="137.6169499476790"><ele>2954.8</ele><time>2016-08-19T21:09:25Z</time></trkpt>
<trkpt lat="36.5722649172289" lon="137.6170058549732"><ele>2956.4</ele><time>2016-08-19T21:09:44Z</time></trkpt>
<trkpt lat="36.5722805075688" lon="137.6170383767575"><ele>2956.7</ele><time>2016-08-19T21:09:50Z</time></trkpt>
<trkpt lat="36.5722776996312" lon="137.6170896740049"><ele>2960.2</ele><time>2016-08-19T21:10:10Z</time></trkpt>
<trkpt lat="36.5723112272439" lon="137.6171171666473"><ele>2960.2</ele><time>2016-08-19T21:10:19Z</time></trkpt>
<trkpt lat="36.5724148275671" lon="137.6170327608824"><ele>2967.6</ele><time>2016-08-19T21:11:15Z</time></trkpt>
<trkpt lat="36.5724578686399" lon="137.6170787775308"><ele>2970.2</ele><time>2016-08-19T21:11:29Z</time></trkpt>
<trkpt lat="36.5724719083277" lon="137.6170588286012"><ele>2970.9</ele><time>2016-08-19T21:11:34Z</time></trkpt>
<trkpt lat="36.5724832658065" lon="137.6171032526881"><ele>2974.1</ele><time>2016-08-19T21:11:56Z</time></trkpt>
<trkpt lat="36.5725372452629" lon="137.6171468385845"><ele>2976.7</ele><time>2016-08-19T21:12:17Z</time></trkpt>
<trkpt lat="36.5725436574189" lon="137.6172079426587"><ele>2981.9</ele><time>2016-08-19T21:12:44Z</time></trkpt>
<trkpt lat="36.5725160809574" lon="137.6173105371535"><ele>2983.4</ele><time>2016-08-19T21:13:05Z</time></trkpt>
<trkpt lat="36.5725686773998" lon="137.6173544583261"><ele>2985.3</ele><time>2016-08-19T21:13:15Z</time></trkpt>
<trkpt lat="36.5725759277461" lon="137.6174106170774"><ele>2985.5</ele><time>2016-08-19T21:13:18Z</time></trkpt>
<trkpt lat="36.5726185078142" lon="137.6173948590994"><ele>2987.5</ele><time>2016-08-19T21:13:41Z</time></trkpt>
<trkpt lat="36.5726364869965" lon="137.6173634269625"><ele>2988.1</ele><time>2016-08-19T21:13:56Z</time></trkpt>
<trkpt lat="36.5727130556820" lon="137.6174317394733"><ele>2988.2</ele><time>2016-08-19T21:14:30Z</time></trkpt>
<trkpt lat="36.5727114212108" lon="137.6174574719161"><ele>2987.5</ele><time>2016-08-19T21:14:45Z</time></trkpt>
<trkpt lat="36.5727798175407" lon="137.6174522751361"><ele>2987.6</ele><time>2016-08-19T21:14:54Z</time></trkpt>
<trkpt lat="36.5727966232566" lon="137.6174655185431"><ele>2987.0</ele><time>2016-08-19T21:14:59Z</time></trkpt>
<trkpt lat="36.5727719385517" lon="137.6174828690827"><ele>2993.6</ele><time>2016-08-19T21:15:57Z</time></trkpt>
<trkpt lat="36.5728153149007" lon="137.6174918377191"><ele>2995.9</ele><time>2016-08-19T21:16:11Z</time></trkpt>
<trkpt lat="36.5728208050472" lon="137.6174607408583"><ele>3000.7</ele><time>2016-08-19T21:17:53Z</time></trkpt>
<trkpt lat="36.5728620440108" lon="137.6174380259007"><ele>3002.8</ele><time>2016-08-19T21:18:02Z</time></trkpt>
<trkpt lat="36.5728661930529" lon="137.6173912548810"><ele>3004.5</ele><time>2016-08-19T21:18:36Z</time></trkpt>
<trkpt lat="36.5728668216956" lon="137.6174145565718"><ele>3004.4</ele><time>2016-08-19T21:18:53Z</time></trkpt>
<trkpt lat="36.5729538258506" lon="137.6174556278974"><ele>3003.6</ele><time>2016-08-19T21:19:15Z</time></trkpt>
<trkpt lat="36.5730421711100" lon="137.6176108607441"><ele>3004.1</ele><time>2016-08-19T21:20:00Z</time></trkpt>
<trkpt lat="36.5731034009127" lon="137.6176334918827"><ele>3003.5</ele><time>2016-08-19T21:20:09Z</time></trkpt>
<trkpt lat="36.5731170215053" lon="137.6176139620483"><ele>3002.2</ele><time>2016-08-19T21:20:22Z</time></trkpt>
<trkpt lat="36.5731613198636" lon="137.6176748146653"><ele>3005.8</ele><time>2016-08-19T21:22:01Z</time></trkpt>
<trkpt lat="36.5731770359320" lon="137.6178318077117"><ele>3013.0</ele><time>2016-08-19T21:22:43Z</time></trkpt>
<trkpt lat="36.5732082585213" lon="137.6178549417645"><ele>3012.0</ele><time>2016-08-19T21:23:59Z</time></trkpt>
<trkpt lat="36.5732012596322" lon="137.6178942528904"><ele>3011.9</ele><time>2016-08-19T21:25:00Z</time></trkpt>
<trkpt lat="36.5732127428395" lon="137.6178919059575"><ele>3010.5</ele><time>2016-08-19T21:30:54Z</time></trkpt>
<trkpt lat="36.5731823165310" lon="137.6179164649338"><ele>3010.9</ele><time>2016-08-19T21:31:46Z</time></trkpt>
<trkpt lat="36.5731929615481" lon="137.6177923289478"><ele>3003.6</ele><time>2016-08-19T21:33:23Z</time></trkpt>
<trkpt lat="36.5731354616923" lon="137.6177209151328"><ele>3001.4</ele><time>2016-08-19T21:33:34Z</time></trkpt>
<trkpt lat="36.5731088910592" lon="137.6176759881318"><ele>3000.5</ele><time>2016-08-19T21:33:39Z</time></trkpt>
<trkpt lat="36.5731119085444" lon="137.6176485793084"><ele>3000.9</ele><time>2016-08-19T21:33:42Z</time></trkpt>
<trkpt lat="36.5730937617240" lon="137.6176275407314"><ele>2999.7</ele><time>2016-08-19T21:34:48Z</time></trkpt>
<trkpt lat="36.5731111122636" lon="137.6175995451748"><ele>2999.6</ele><time>2016-08-19T21:35:01Z</time></trkpt>
<trkpt lat="36.5730945160953" lon="137.6176183206379"><ele>2999.7</ele><time>2016-08-19T21:35:50Z</time></trkpt>
<trkpt lat="36.5729691647334" lon="137.6174971183181"><ele>2998.9</ele><time>2016-08-19T21:36:32Z</time></trkpt>
<trkpt lat="36.5729526942936" lon="137.6174858865678"><ele>2999.0</ele><time>2016-08-19T21:36:36Z</time></trkpt>
<trkpt lat="36.5729516884653" lon="137.6174534486026"><ele>2998.7</ele><time>2016-08-19T21:36:39Z</time></trkpt>
<trkpt lat="36.5729176160289" lon="137.6174167358667"><ele>2999.3</ele><time>2016-08-19T21:37:56Z</time></trkpt>
<trkpt lat="36.5728994272990" lon="137.6174362657011"><ele>2999.2</ele><time>2016-08-19T21:38:01Z</time></trkpt>
<trkpt lat="36.5729309432549" lon="137.6174404566526"><ele>2997.1</ele><time>2016-08-19T21:41:29Z</time></trkpt>
<trkpt lat="36.5729121258823" lon="137.6174299792737"><ele>2997.0</ele><time>2016-08-19T21:41:44Z</time></trkpt>
<trkpt lat="36.5729542030362" lon="137.6174199209899"><ele>2997.4</ele><time>2016-08-19T21:41:51Z</time></trkpt>
<trkpt lat="36.5729737328706" lon="137.6173925959855"><ele>3000.2</ele><time>2016-08-19T21:42:16Z</time></trkpt>
<trkpt lat="36.5729154786436" lon="137.6174017322600"><ele>3003.3</ele><time>2016-08-19T21:43:16Z</time></trkpt>
<trkpt lat="36.5729051269931" lon="137.6174283867121"><ele>3004.1</ele><time>2016-08-19T21:44:48Z</time></trkpt>
<trkpt lat="36.5728816157547" lon="137.6174286381692"><ele>3002.4</ele><time>2016-08-19T21:46:18Z</time></trkpt>
<trkpt lat="36.5730141755534" lon="137.6174816956162"><ele>2999.4</ele><time>2016-08-19T21:47:21Z</time></trkpt>
<trkpt lat="36.5730407461865" lon="137.6174759121031"><ele>2999.1</ele><time>2016-08-19T21:47:31Z</time></trkpt>
<trkpt lat="36.5731345396829" lon="137.6175471582800"><ele>2998.0</ele><time>2016-08-19T21:47:50Z</time></trkpt>
<trkpt lat="36.5731566259978" lon="137.6176546142787"><ele>2998.9</ele><time>2016-08-19T21:47:58Z</time></trkpt>
<trkpt lat="36.5732439654289" lon="137.6177424566239"><ele>2999.8</ele><time>2016-08-19T21:48:13Z</time></trkpt>
<trkpt lat="36.5732893534345" lon="137.6177373436630"><ele>2998.6</ele><time>2016-08-19T21:48:21Z</time></trkpt>
<trkpt lat="36.5732858749447" lon="137.6177617350012"><ele>2997.2</ele><time>2016-08-19T21:48:30Z</time></trkpt>
<trkpt lat="36.5733249346135" lon="137.6177780797124"><ele>2995.5</ele><time>2016-08-19T21:48:50Z</time></trkpt>
<trkpt lat="36.5733402315868" lon="137.6178279520363"><ele>2991.6</ele><time>2016-08-19T21:49:35Z</time></trkpt>
<trkpt lat="36.5735144075347" lon="137.6180737094373"><ele>2991.5</ele><time>2016-08-19T21:50:03Z</time></trkpt>
<trkpt lat="36.5736563969744" lon="137.6181907208055"><ele>2993.5</ele><time>2016-08-19T21:50:38Z</time></trkpt>
<trkpt lat="36.5736816684125" lon="137.6182551776409"><ele>2996.1</ele><time>2016-08-19T21:50:53Z</time></trkpt>
<trkpt lat="36.5737582790075" lon="137.6182633080870"><ele>2997.1</ele><time>2016-08-19T21:51:02Z</time></trkpt>
<trkpt lat="36.5738045052034" lon="137.6182464604616"><ele>2995.6</ele><time>2016-08-19T21:51:21Z</time></trkpt>
<trkpt lat="36.5738457441671" lon="137.6182652359247"><ele>2993.9</ele><time>2016-08-19T21:51:36Z</time></trkpt>
<trkpt lat="36.5738598257644" lon="137.6182425209671"><ele>2993.3</ele><time>2016-08-19T21:52:24Z</time></trkpt>
<trkpt lat="36.5738885337827" lon="137.6182365698159"><ele>2992.6</ele><time>2016-08-19T21:52:31Z</time></trkpt>
<trkpt lat="36.5739271324468" lon="137.6182644815534"><ele>2987.6</ele><time>2016-08-19T21:53:06Z</time></trkpt>
<trkpt lat="36.5740106162024" lon="137.6182602906019"><ele>2985.7</ele><time>2016-08-19T21:53:21Z</time></trkpt>
<trkpt lat="36.5740436409009" lon="137.6182326303214"><ele>2983.6</ele><time>2016-08-19T21:53:43Z</time></trkpt>
<trkpt lat="36.5741230175240" lon="137.6182680019528"><ele>2979.6</ele><time>2016-08-19T21:54:24Z</time></trkpt>
<trkpt lat="36.5742940502582" lon="137.6184504759848"><ele>2975.4</ele><time>2016-08-19T21:55:14Z</time></trkpt>
<trkpt lat="36.5743445931343" lon="137.6184935589671"><ele>2976.4</ele><time>2016-08-19T21:55:22Z</time></trkpt>
<trkpt lat="36.5744279092518" lon="137.6185047907174"><ele>2977.2</ele><time>2016-08-19T21:55:47Z</time></trkpt>
<trkpt lat="36.5746217826722" lon="137.6186434273958"><ele>2987.0</ele><time>2016-08-19T21:56:52Z</time></trkpt>
<trkpt lat="36.5747216111390" lon="137.6187699941337"><ele>2988.3</ele><time>2016-08-19T21:57:07Z</time></trkpt>
<trkpt lat="36.5748435678301" lon="137.6189045236796"><ele>2990.9</ele><time>2016-08-19T21:57:28Z</time></trkpt>
<trkpt lat="36.5749030374331" lon="137.6189731714666"><ele>2994.0</ele><time>2016-08-19T21:57:47Z</time></trkpt>
<trkpt lat="36.5749280574141" lon="137.6190711559147"><ele>2994.9</ele><time>2016-08-19T21:57:58Z</time></trkpt>
<trkpt lat="36.5749181667683" lon="137.6191096288502"><ele>2995.0</ele><time>2016-08-19T21:58:07Z</time></trkpt>
<trkpt lat="36.5750325797466" lon="137.6192155761063"><ele>2989.5</ele><time>2016-08-19T21:58:48Z</time></trkpt>
<trkpt lat="36.5752109047366" lon="137.6192678791821"><ele>2994.2</ele><time>2016-08-19T21:59:26Z</time></trkpt>
<trkpt lat="36.5753176482735" lon="137.6192745008856"><ele>2994.6</ele><time>2016-08-19T21:59:44Z</time></trkpt>
<trkpt lat="36.5753318975089" lon="137.6193136443734"><ele>2997.4</ele><time>2016-08-19T22:00:04Z</time></trkpt>
<trkpt lat="36.5755069535566" lon="137.6192988922238"><ele>2998.5</ele><time>2016-08-19T22:00:30Z</time></trkpt>
<trkpt lat="36.5755902277646" lon="137.6192892530352"><ele>2997.4</ele><time>2016-08-19T22:00:39Z</time></trkpt>
<trkpt lat="36.5756989829583" lon="137.6193147340208"><ele>3000.6</ele><time>2016-08-19T22:00:58Z</time></trkpt>
<trkpt lat="36.5758036310194" lon="137.6193211880863"><ele>3003.7</ele><time>2016-08-19T22:01:27Z</time></trkpt>
<trkpt lat="36.5759040043099" lon="137.6193872374833"><ele>3004.4</ele><time>2016-08-19T22:01:44Z</time></trkpt>
<trkpt lat="36.5759585285900" lon="137.6194563043654"><ele>3005.7</ele><time>2016-08-19T22:02:49Z</time></trkpt>
<trkpt lat="36.5759890806270" lon="137.6195818652749"><ele>3012.4</ele><time>2016-08-19T22:03:19Z</time></trkpt>
<trkpt lat="36.5759892901746" lon="137.6196314023227"><ele>3014.3</ele><time>2016-08-19T22:03:26Z</time></trkpt>
<trkpt lat="36.5760112088514" lon="137.6196749882191"><ele>3015.3</ele><time>2016-08-19T22:03:32Z</time></trkpt>
<trkpt lat="36.5759695088831" lon="137.6197020617664"><ele>3018.9</ele><time>2016-08-19T22:03:47Z</time></trkpt>
<trkpt lat="36.5759726101873" lon="137.6198173967540"><ele>3020.0</ele><time>2016-08-19T22:04:20Z</time></trkpt>
<trkpt lat="36.5759433992548" lon="137.6199213323534"><ele>3020.9</ele><time>2016-08-19T22:05:07Z</time></trkpt>
<trkpt lat="36.5759651922030" lon="137.6199320611894"><ele>3021.3</ele><time>2016-08-19T22:06:52Z</time></trkpt>
<trkpt lat="36.5759778907863" lon="137.6199001261383"><ele>3022.1</ele><time>2016-08-19T22:07:36Z</time></trkpt>
<trkpt lat="36.5759827103806" lon="137.6199460589677"><ele>3022.3</ele><time>2016-08-19T22:07:47Z</time></trkpt>
<trkpt lat="36.5760188363833" lon="137.6199530997664"><ele>3022.8</ele><time>2016-08-19T22:07:54Z</time></trkpt>
<trkpt lat="36.5760016953913" lon="137.6199616493076"><ele>3023.0</ele><time>2016-08-19T22:08:44Z</time></trkpt>
<trkpt lat="36.5760341752661" lon="137.6199916565210"><ele>3023.1</ele><time>2016-08-19T22:13:18Z</time></trkpt>
<trkpt lat="36.5759880747987" lon="137.6199972723961"><ele>3017.1</ele><time>2016-08-19T22:16:34Z</time></trkpt>
<trkpt lat="36.5760223567826" lon="137.6199872141123"><ele>3017.8</ele><time>2016-08-19T22:18:49Z</time></trkpt>
<trkpt lat="36.5760222310541" lon="137.6199775749236"><ele>3017.9</ele><time>2016-08-19T22:27:48Z</time></trkpt>
<trkpt lat="36.5760081913663" lon="137.6200268605143"><ele>3010.3</ele><time>2016-08-19T22:29:25Z</time></trkpt>
<trkpt lat="36.5760265058247" lon="137.6200546046138"><ele>3010.2</ele><time>2016-08-19T22:29:30Z</time></trkpt>
<trkpt lat="36.5760866878895" lon="137.6200586279273"><ele>3007.2</ele><time>2016-08-19T22:29:50Z</time></trkpt>
<trkpt lat="36.5761591075329" lon="137.6200815105230"><ele>3005.7</ele><time>2016-08-19T22:30:05Z</time></trkpt>
<trkpt lat="36.5762486681683" lon="137.6200066601276"><ele>3005.9</ele><time>2016-08-19T22:30:16Z</time></trkpt>
<trkpt lat="36.5762666473506" lon="137.6198924147874"><ele>3003.1</ele><time>2016-08-19T22:30:43Z</time></trkpt>
<trkpt lat="36.5763110714374" lon="137.6199067478418"><ele>3002.4</ele><time>2016-08-19T22:31:13Z</time></trkpt>
<trkpt lat="36.5763173997743" lon="137.6199299657136"><ele>3002.2</ele><time>2016-08-19T22:32:28Z</time></trkpt>
<trkpt lat="36.5763034439055" lon="137.6199544408709"><ele>3001.6</ele><time>2016-08-19T22:32:34Z</time></trkpt>
<trkpt lat="36.5763563337145" lon="137.6199318097323"><ele>3001.4</ele><time>2016-08-19T22:34:14Z</time></trkpt>
<trkpt lat="36.5764324413953" lon="137.6199390181690"><ele>3001.1</ele><time>2016-08-19T22:34:35Z</time></trkpt>
<trkpt lat="36.5764609817756" lon="137.6199680195540"><ele>3001.5</ele><time>2016-08-19T22:34:41Z</time></trkpt>
<trkpt lat="36.5764842834664" lon="137.6200137009263"><ele>3001.4</ele><time>2016-08-19T22:35:05Z</time></trkpt>
<trkpt lat="36.5765556972814" lon="137.6199924947113"><ele>3001.4</ele><time>2016-08-19T22:35:15Z</time></trkpt>
<trkpt lat="36.5766819287432" lon="137.6200206579059"><ele>2999.6</ele><time>2016-08-19T22:35:39Z</time></trkpt>
<trkpt lat="36.5767327649859" lon="137.6200808399707"><ele>3000.3</ele><time>2016-08-19T22:35:49Z</time></trkpt>
<trkpt lat="36.5766776958821" lon="137.6200996992528"><ele>2997.5</ele><time>2016-08-19T22:36:07Z</time></trkpt>
<trkpt lat="36.5766879218040" lon="137.6201756392956"><ele>2997.9</ele><time>2016-08-19T22:36:17Z</time></trkpt>
<trkpt lat="36.5768838068811" lon="137.6201664192021"><ele>2995.0</ele><time>2016-08-19T22:36:52Z</time></trkpt>
<trkpt lat="36.5770006087018" lon="137.6202499867767"><ele>2992.0</ele><time>2016-08-19T22:37:11Z</time></trkpt>
<trkpt lat="36.5771018620921" lon="137.6202183870018"><ele>2989.1</ele><time>2016-08-19T22:37:25Z</time></trkpt>
<trkpt lat="36.5772089828146" lon="137.6203198918492"><ele>2988.1</ele><time>2016-08-19T22:37:45Z</time></trkpt>
<trkpt lat="36.5772878565235" lon="137.6203530003667"><ele>2987.5</ele><time>2016-08-19T22:37:59Z</time></trkpt>
<trkpt lat="36.5773088531909" lon="137.6203392540455"><ele>2987.6</ele><time>2016-08-19T22:38:04Z</time></trkpt>
<trkpt lat="36.5773809375582" lon="137.6203639806598"><ele>2985.8</ele><time>2016-08-19T22:38:56Z</time></trkpt>
<trkpt lat="36.5774400718851" lon="137.6203301177710"><ele>2984.9</ele><time>2016-08-19T22:39:09Z</time></trkpt>
<trkpt lat="36.5774857113478" lon="137.6203324647039"><ele>2986.0</ele><time>2016-08-19T22:39:22Z</time></trkpt>
<trkpt lat="36.5775235137311" lon="137.6203655732214"><ele>2983.3</ele><time>2016-08-19T22:39:32Z</time></trkpt>
<trkpt lat="36.5775841987101" lon="137.6203597058892"><ele>2982.6</ele><time>2016-08-19T22:39:39Z</time></trkpt>
<trkpt lat="36.5775900241328" lon="137.6203848515987"><ele>2982.5</ele><time>2016-08-19T22:40:12Z</time></trkpt>
<trkpt lat="36.5777519205926" lon="137.6204342210084"><ele>2982.2</ele><time>2016-08-19T22:40:41Z</time></trkpt>
<trkpt lat="36.5778190596370" lon="137.6204241627246"><ele>2979.7</ele><time>2016-08-19T22:40:57Z</time></trkpt>
<trkpt lat="36.5779841412199" lon="137.6205123403460"><ele>2983.2</ele><time>2016-08-19T22:41:20Z</time></trkpt>
<trkpt lat="36.5780452452941" lon="137.6205156092882"><ele>2983.7</ele><time>2016-08-19T22:41:27Z</time></trkpt>
<trkpt lat="36.5781126777051" lon="137.6205453650445"><ele>2983.4</ele><time>2016-08-19T22:41:37Z</time></trkpt>
<trkpt lat="36.5782137634573" lon="137.6205669065356"><ele>2983.8</ele><time>2016-08-19T22:41:49Z</time></trkpt>
<trkpt lat="36.5782893263144" lon="137.6206272562385"><ele>2987.5</ele><time>2016-08-19T22:42:11Z</time></trkpt>
<trkpt lat="36.5783522324977" lon="137.6206387394458"><ele>2988.1</ele><time>2016-08-19T22:42:19Z</time></trkpt>
<trkpt lat="36.5785282943738" lon="137.6207653900027"><ele>2988.7</ele><time>2016-08-19T22:42:47Z</time></trkpt>
<trkpt lat="36.5785591397775" lon="137.6207623725176"><ele>2988.9</ele><time>2016-08-19T22:42:54Z</time></trkpt>
<trkpt lat="36.5786300087688" lon="137.6208124962986"><ele>2993.4</ele><time>2016-08-19T22:43:06Z</time></trkpt>
<trkpt lat="36.5787029732359" lon="137.6208812279046"><ele>2988.3</ele><time>2016-08-19T22:43:20Z</time></trkpt>
<trkpt lat="36.5789106767965" lon="137.6209401526839"><ele>2985.2</ele><time>2016-08-19T22:44:03Z</time></trkpt>
<trkpt lat="36.5790004469795" lon="137.6209043619573"><ele>2981.2</ele><time>2016-08-19T22:44:25Z</time></trkpt>
<trkpt lat="36.5790680051190" lon="137.6209348720849"><ele>2979.3</ele><time>2016-08-19T22:44:40Z</time></trkpt>
<trkpt lat="36.5790872415868" lon="137.6209139173269"><ele>2977.9</ele><time>2016-08-19T22:44:49Z</time></trkpt>
<trkpt lat="36.5790960425852" lon="137.6208553278238"><ele>2972.7</ele><time>2016-08-19T22:45:36Z</time></trkpt>
<trkpt lat="36.5791464597327" lon="137.6207977441490"><ele>2967.0</ele><time>2016-08-19T22:46:21Z</time></trkpt>
<trkpt lat="36.5792296501217" lon="137.6207840816468"><ele>2963.6</ele><time>2016-08-19T22:47:08Z</time></trkpt>
<trkpt lat="36.5792275127364" lon="137.6207363047987"><ele>2960.9</ele><time>2016-08-19T22:47:26Z</time></trkpt>
<trkpt lat="36.5793069731785" lon="137.6206674893737"><ele>2957.4</ele><time>2016-08-19T22:47:51Z</time></trkpt>
<trkpt lat="36.5793202584950" lon="137.6206467860729"><ele>2956.7</ele><time>2016-08-19T22:47:55Z</time></trkpt>
<trkpt lat="36.5793961566282" lon="137.6206211374491"><ele>2955.1</ele><time>2016-08-19T22:48:10Z</time></trkpt>
<trkpt lat="36.5794595657257" lon="137.6206174494118"><ele>2952.6</ele><time>2016-08-19T22:48:24Z</time></trkpt>
<trkpt lat="36.5795900300486" lon="137.6205773000956"><ele>2947.7</ele><time>2016-08-19T22:48:44Z</time></trkpt>
<trkpt lat="36.5796894394202" lon="137.6205095743179"><ele>2943.6</ele><time>2016-08-19T22:49:13Z</time></trkpt>
<trkpt lat="36.5797611885113" lon="137.6205003542244"><ele>2940.3</ele><time>2016-08-19T22:49:38Z</time></trkpt>
<trkpt lat="36.5797701990572" lon="137.6205203869730"><ele>2939.9</ele><time>2016-08-19T22:49:43Z</time></trkpt>
<trkpt lat="36.5798150003297" lon="137.6205019467860"><ele>2940.4</ele><time>2016-08-19T22:49:50Z</time></trkpt>
<trkpt lat="36.5798848215831" lon="137.6204440278351"><ele>2935.8</ele><time>2016-08-19T22:50:19Z</time></trkpt>
<trkpt lat="36.5799195226622" lon="137.6204144397169"><ele>2932.5</ele><time>2016-08-19T22:50:35Z</time></trkpt>
<trkpt lat="36.5799521282656" lon="137.6203479712248"><ele>2929.5</ele><time>2016-08-19T22:50:55Z</time></trkpt>
<trkpt lat="36.5799914393915" lon="137.6203271002859"><ele>2929.4</ele><time>2016-08-19T22:51:21Z</time></trkpt>
<trkpt lat="36.5800069040028" lon="137.6203445346445"><ele>2928.9</ele><time>2016-08-19T22:52:40Z</time></trkpt>
<trkpt lat="36.5800323011694" lon="137.6202962548822"><ele>2925.8</ele><time>2016-08-19T22:53:54Z</time></trkpt>
<trkpt lat="36.5800952492622" lon="137.6202838496655"><ele>2922.6</ele><time>2016-08-19T22:54:22Z</time></trkpt>
<trkpt lat="36.5801128931684" lon="137.6202960034251"><ele>2921.7</ele><time>2016-08-19T22:54:36Z</time></trkpt>
<trkpt lat="36.5801386256111" lon="137.6202794072568"><ele>2920.6</ele><time>2016-08-19T22:54:44Z</time></trkpt>
<trkpt lat="36.5801403019918" lon="137.6202559379280"><ele>2917.9</ele><time>2016-08-19T22:55:16Z</time></trkpt>
<trkpt lat="36.5802013222469" lon="137.6202244219720"><ele>2915.6</ele><time>2016-08-19T22:55:33Z</time></trkpt>
<trkpt lat="36.5803581057457" lon="137.6202442870826"><ele>2908.3</ele><time>2016-08-19T22:56:15Z</time></trkpt>
<trkpt lat="36.5804153541444" lon="137.6202835982084"><ele>2905.2</ele><time>2016-08-19T22:56:36Z</time></trkpt>
<trkpt lat="36.5805969480766" lon="137.6203230769724"><ele>2900.4</ele><time>2016-08-19T22:58:55Z</time></trkpt>
<trkpt lat="36.5805944754151" lon="137.6203256753624"><ele>2893.6</ele><time>2016-08-19T23:01:24Z</time></trkpt>
<trkpt lat="36.5806352952836" lon="137.6203237475246"><ele>2891.6</ele><time>2016-08-19T23:01:39Z</time></trkpt>
<trkpt lat="36.5806436352772" lon="137.6203018707573"><ele>2891.4</ele><time>2016-08-19T23:01:42Z</time></trkpt>
<trkpt lat="36.5806612372739" lon="137.6203071513563"><ele>2890.7</ele><time>2016-08-19T23:01:46Z</time></trkpt>
<trkpt lat="36.5806869278071" lon="137.6202731208295"><ele>2888.6</ele><time>2016-08-19T23:01:55Z</time></trkpt>
<trkpt lat="36.5806963574482" lon="137.6202938241303"><ele>2888.2</ele><time>2016-08-19T23:01:59Z</time></trkpt>
<trkpt lat="36.5807179827584" lon="137.6202731208295"><ele>2885.7</ele><time>2016-08-19T23:02:15Z</time></trkpt>
<trkpt lat="36.5806966089053" lon="137.6202649903834"><ele>2883.5</ele><time>2016-08-19T23:02:24Z</time></trkpt>
<trkpt lat="36.5807806374846" lon="137.6202317142278"><ele>2879.4</ele><time>2016-08-19T23:03:13Z</time></trkpt>
<trkpt lat="36.5807699924676" lon="137.6202256792575"><ele>2878.7</ele><time>2016-08-19T23:03:37Z</time></trkpt>
<trkpt lat="36.5807868400929" lon="137.6202138607740"><ele>2876.5</ele><time>2016-08-19T23:03:46Z</time></trkpt>
<trkpt lat="36.5808284143327" lon="137.6202213206679"><ele>2875.1</ele><time>2016-08-19T23:03:58Z</time></trkpt>
<trkpt lat="36.5808443818582" lon="137.6202042215854"><ele>2873.8</ele><time>2016-08-19T23:04:20Z</time></trkpt>
<trkpt lat="36.5808374667881" lon="137.6201813389897"><ele>2873.4</ele><time>2016-08-19T23:04:23Z</time></trkpt>
<trkpt lat="36.5808553202418" lon="137.6201623958886"><ele>2872.8</ele><time>2016-08-19T23:04:27Z</time></trkpt>
<trkpt lat="36.5809072461320" lon="137.6201886312455"><ele>2868.9</ele><time>2016-08-19T23:04:57Z</time></trkpt>
<trkpt lat="36.5809489461003" lon="137.6201504935861"><ele>2866.6</ele><time>2016-08-19T23:05:14Z</time></trkpt>
<trkpt lat="36.5809942502869" lon="137.6201587916702"><ele>2865.6</ele><time>2016-08-19T23:05:20Z</time></trkpt>
<trkpt lat="36.5810701484201" lon="137.6201166306973"><ele>2862.8</ele><time>2016-08-19T23:05:39Z</time></trkpt>
<trkpt lat="36.5810534684328" lon="137.6200945862919"><ele>2861.7</ele><time>2016-08-19T23:05:45Z</time></trkpt>
<trkpt lat="36.5810965095056" lon="137.6200829354465"><ele>2860.4</ele><time>2016-08-19T23:05:52Z</time></trkpt>
<trkpt lat="36.5811293246565" lon="137.6200856176555"><ele>2859.1</ele><time>2016-08-19T23:06:00Z</time></trkpt>
<trkpt lat="36.5812350623650" lon="137.6200152934879"><ele>2854.1</ele><time>2016-08-19T23:06:38Z</time></trkpt>
<trkpt lat="36.5812953701584" lon="137.6199899801403"><ele>2851.7</ele><time>2016-08-19T23:06:50Z</time></trkpt>
<trkpt lat="36.5813481761483" lon="137.6199065802038"><ele>2849.3</ele><time>2016-08-19T23:07:00Z</time></trkpt>
<trkpt lat="36.5816348372368" lon="137.6197650098592"><ele>2841.9</ele><time>2016-08-19T23:07:33Z</time></trkpt>
<trkpt lat="36.5817005094481" lon="137.6196868067026"><ele>2840.1</ele><time>2016-08-19T23:07:44Z</time></trkpt>
<trkpt lat="36.5817240625961" lon="137.6196470764816"><ele>2838.8</ele><time>2016-08-19T23:07:50Z</time></trkpt>
<trkpt lat="36.5817942191256" lon="137.6196098608315"><ele>2836.6</ele><time>2016-08-19T23:08:01Z</time></trkpt>
<trkpt lat="36.5819202410398" lon="137.6195030753851"><ele>2835.5</ele><time>2016-08-19T23:08:34Z</time></trkpt>
<trkpt lat="36.5819135774268" lon="137.6195928455681"><ele>2827.3</ele><time>2016-08-19T23:15:46Z</time></trkpt>
<trkpt lat="36.5820046468047" lon="137.6195020695567"><ele>2825.4</ele><time>2016-08-19T23:16:05Z</time></trkpt>
<trkpt lat="36.5820589196278" lon="137.6194338408649"><ele>2823.6</ele><time>2016-08-19T23:16:13Z</time></trkpt>
<trkpt lat="36.5821212390778" lon="137.6194078569651"><ele>2822.7</ele><time>2016-08-19T23:16:21Z</time></trkpt>
<trkpt lat="36.5821701474828" lon="137.6193248761237"><ele>2821.8</ele><time>2016-08-19T23:16:30Z</time></trkpt>
<trkpt lat="36.5822611330418" lon="137.6192000695854"><ele>2823.4</ele><time>2016-08-19T23:16:44Z</time></trkpt>
<trkpt lat="36.5823978418825" lon="137.6191052702606"><ele>2825.4</ele><time>2016-08-19T23:16:59Z</time></trkpt>
<trkpt lat="36.5826788870958" lon="137.6188298409224"><ele>2831.1</ele><time>2016-08-19T23:17:38Z</time></trkpt>
<trkpt lat="36.5829144185750" lon="137.6187775378466"><ele>2831.5</ele><time>2016-08-19T23:18:07Z</time></trkpt>
<trkpt lat="36.5830702800644" lon="137.6187653002679"><ele>2831.3</ele><time>2016-08-19T23:18:25Z</time></trkpt>
<trkpt lat="36.5831805859102" lon="137.6187504642993"><ele>2832.0</ele><time>2016-08-19T23:18:36Z</time></trkpt>
<trkpt lat="36.5832470544023" lon="137.6187290904462"><ele>2833.1</ele><time>2016-08-19T23:18:45Z</time></trkpt>
<trkpt lat="36.5833972581072" lon="137.6187181939721"><ele>2833.8</ele><time>2016-08-19T23:19:25Z</time></trkpt>
<trkpt lat="36.5835365234284" lon="137.6187394840062"><ele>2835.5</ele><time>2016-08-19T23:19:42Z</time></trkpt>
<trkpt lat="36.5836684126748" lon="137.6187166852295"><ele>2838.2</ele><time>2016-08-19T23:19:55Z</time></trkpt>
<trkpt lat="36.5838697878985" lon="137.6187206247240"><ele>2842.3</ele><time>2016-08-19T23:20:57Z</time></trkpt>
<trkpt lat="36.5839553252203" lon="137.6187367179781"><ele>2844.9</ele><time>2016-08-19T23:21:12Z</time></trkpt>
<trkpt lat="36.5840570396153" lon="137.6187923738152"><ele>2848.8</ele><time>2016-08-19T23:21:44Z</time></trkpt>
<trkpt lat="36.5842208220033" lon="137.6187673119247"><ele>2853.3</ele><time>2016-08-19T23:22:08Z</time></trkpt>
<trkpt lat="36.5842550201682" lon="137.6188176871628"><ele>2856.1</ele><time>2016-08-19T23:22:27Z</time></trkpt>
<trkpt lat="36.5843223268507" lon="137.6188093052596"><ele>2857.1</ele><time>2016-08-19T23:22:40Z</time></trkpt>
<trkpt lat="36.5843310021205" lon="137.6188357082546"><ele>2856.5</ele><time>2016-08-19T23:22:43Z</time></trkpt>
<trkpt lat="36.5843984764410" lon="137.6187944692910"><ele>2859.2</ele><time>2016-08-19T23:23:03Z</time></trkpt>
<trkpt lat="36.5844136476857" lon="137.6188207046479"><ele>2860.0</ele><time>2016-08-19T23:23:06Z</time></trkpt>
<trkpt lat="36.5844579460440" lon="137.6188444254339"><ele>2862.2</ele><time>2016-08-19T23:23:18Z</time></trkpt>
<trkpt lat="36.5845105424864" lon="137.6188155078679"><ele>2863.3</ele><time>2016-08-19T23:23:37Z</time></trkpt>
<trkpt lat="36.5845526615498" lon="137.6188129094780"><ele>2863.0</ele><time>2016-08-19T23:23:42Z</time></trkpt>
<trkpt lat="36.5846635122193" lon="137.6187088062406"><ele>2865.6</ele><time>2016-08-19T23:23:59Z</time></trkpt>
<trkpt lat="36.5847638436002" lon="137.6187403221965"><ele>2866.2</ele><time>2016-08-19T23:24:10Z</time></trkpt>
<trkpt lat="36.5848119557245" lon="137.6189085469931"><ele>2863.8</ele><time>2016-08-19T23:24:27Z</time></trkpt>
<trkpt lat="36.5847928449852" lon="137.6189077088028"><ele>2864.8</ele><time>2016-08-19T23:24:37Z</time></trkpt>
<trkpt lat="36.5847822418777" lon="137.6189292502940"><ele>2868.4</ele><time>2016-08-19T23:25:29Z</time></trkpt>
<trkpt lat="36.5849303501068" lon="137.6189543960035"><ele>2866.4</ele><time>2016-08-19T23:26:08Z</time></trkpt>
<trkpt lat="36.5850098524583" lon="137.6190938708723"><ele>2866.6</ele><time>2016-08-19T23:26:24Z</time></trkpt>
<trkpt lat="36.5851389337672" lon="137.6191860718071"><ele>2866.9</ele><time>2016-08-19T23:26:43Z</time></trkpt>
<trkpt lat="36.5852897242052" lon="137.6193431486726"><ele>2866.8</ele><time>2016-08-19T23:27:08Z</time></trkpt>
<trkpt lat="36.5853703162042" lon="137.6194423065871"><ele>2865.7</ele><time>2016-08-19T23:27:20Z</time></trkpt>
<trkpt lat="36.5854656184433" lon="137.6195271314472"><ele>2861.7</ele><time>2016-08-19T23:28:06Z</time></trkpt>
<trkpt lat="36.5856255032463" lon="137.6195888222545"><ele>2862.6</ele><time>2016-08-19T23:28:20Z</time></trkpt>
<trkpt lat="36.5857189195571" lon="137.6195540373564"><ele>2861.1</ele><time>2016-08-19T23:28:28Z</time></trkpt>
<trkpt lat="36.5859127091585" lon="137.6195968688816"><ele>2864.2</ele><time>2016-08-19T23:28:47Z</time></trkpt>
<trkpt lat="36.5860294271601" lon="137.6196117048502"><ele>2862.7</ele><time>2016-08-19T23:29:21Z</time></trkpt>
<trkpt lat="36.5862212889237" lon="137.6198220906198"><ele>2867.1</ele><time>2016-08-19T23:29:48Z</time></trkpt>
<trkpt lat="36.5862935409291" lon="137.6198804286659"><ele>2868.3</ele><time>2016-08-19T23:29:56Z</time></trkpt>
<trkpt lat="36.5863305051220" lon="137.6199418680161"><ele>2870.5</ele><time>2016-08-19T23:30:03Z</time></trkpt>
<trkpt lat="36.5863981470806" lon="137.6199499984622"><ele>2871.3</ele><time>2016-08-19T23:30:10Z</time></trkpt>
<trkpt lat="36.5864828462122" lon="137.6199935843587"><ele>2871.0</ele><time>2016-08-19T23:30:22Z</time></trkpt>
<trkpt lat="36.5866265539421" lon="137.6199500822812"><ele>2871.0</ele><time>2016-08-19T23:30:40Z</time></trkpt>
<trkpt lat="36.5866423119200" lon="137.6199366712362"><ele>2869.6</ele><time>2016-08-19T23:31:43Z</time></trkpt>
<trkpt lat="36.5866568126125" lon="137.6199536026806"><ele>2870.2</ele><time>2016-08-19T23:31:48Z</time></trkpt>
<trkpt lat="36.5866700141100" lon="137.6199366712362"><ele>2870.3</ele><time>2016-08-19T23:32:32Z</time></trkpt>
<trkpt lat="36.5868602833120" lon="137.6201297064662"><ele>2870.0</ele><time>2016-08-19T23:33:01Z</time></trkpt>
<trkpt lat="36.5870762430472" lon="137.6202506573290"><ele>2865.5</ele><time>2016-08-19T23:33:25Z</time></trkpt>
<trkpt lat="36.5871596848933" lon="137.6202321333230"><ele>2861.0</ele><time>2016-08-19T23:33:35Z</time></trkpt>
<trkpt lat="36.5872046538038" lon="137.6202544291854"><ele>2860.9</ele><time>2016-08-19T23:33:41Z</time></trkpt>
<trkpt lat="36.5873071225701" lon="137.6202359051794"><ele>2855.7</ele><time>2016-08-19T23:33:56Z</time></trkpt>
<trkpt lat="36.5873862896455" lon="137.6202773956001"><ele>2853.5</ele><time>2016-08-19T23:34:07Z</time></trkpt>
<trkpt lat="36.5875936160205" lon="137.6202837658465"><ele>2848.4</ele><time>2016-08-19T23:34:32Z</time></trkpt>
<trkpt lat="36.5876575280322" lon="137.6203028765857"><ele>2847.6</ele><time>2016-08-19T23:34:42Z</time></trkpt>
<trkpt lat="36.5876625571741" lon="137.6202174649924"><ele>2845.6</ele><time>2016-08-19T23:34:52Z</time></trkpt>
<trkpt lat="36.5876793628899" lon="137.6202074067086"><ele>2843.7</ele><time>2016-08-19T23:34:54Z</time></trkpt>
<trkpt lat="36.5877181711016" lon="137.6202177164495"><ele>2844.8</ele><time>2016-08-19T23:35:00Z</time></trkpt>
<trkpt lat="36.5877232840625" lon="137.6201893017978"><ele>2843.5</ele><time>2016-08-19T23:35:03Z</time></trkpt>
<trkpt lat="36.5877105435697" lon="137.6201651619166"><ele>2842.6</ele><time>2016-08-19T23:35:06Z</time></trkpt>
<trkpt lat="36.5877208533106" lon="137.6200974361390"><ele>2841.7</ele><time>2016-08-19T23:35:17Z</time></trkpt>
<trkpt lat="36.5877387905834" lon="137.6200819296181"><ele>2840.9</ele><time>2016-08-19T23:35:20Z</time></trkpt>
<trkpt lat="36.5877781855283" lon="137.6201048960328"><ele>2839.8</ele><time>2016-08-19T23:35:25Z</time></trkpt>
<trkpt lat="36.5877729049293" lon="137.6200541855186"><ele>2839.6</ele><time>2016-08-19T23:35:29Z</time></trkpt>
<trkpt lat="36.5877925185827" lon="137.6200435405016"><ele>2836.8</ele><time>2016-08-19T23:35:32Z</time></trkpt>
<trkpt lat="36.5878485935150" lon="137.6200850309223"><ele>2837.9</ele><time>2016-08-19T23:35:39Z</time></trkpt>
<trkpt lat="36.5879333764655" lon="137.6200491563767"><ele>2834.5</ele><time>2016-08-19T23:35:55Z</time></trkpt>
<trkpt lat="36.5879378607837" lon="137.6200268605143"><ele>2834.0</ele><time>2016-08-19T23:35:59Z</time></trkpt>
<trkpt lat="36.5879245754672" lon="137.6200090908796"><ele>2832.9</ele><time>2016-08-19T23:36:01Z</time></trkpt>
<trkpt lat="36.5879311133517" lon="137.6199862082839"><ele>2831.9</ele><time>2016-08-19T23:36:04Z</time></trkpt>
<trkpt lat="36.5879695862872" lon="137.6199797542185"><ele>2831.5</ele><time>2016-08-19T23:36:09Z</time></trkpt>
<trkpt lat="36.5879833745180" lon="137.6199406945497"><ele>2830.8</ele><time>2016-08-19T23:36:15Z</time></trkpt>
<trkpt lat="36.5879679099066" lon="137.6199278702378"><ele>2830.1</ele><time>2016-08-19T23:36:17Z</time></trkpt>
<trkpt lat="36.5879975399343" lon="137.6198798419327"><ele>2828.7</ele><time>2016-08-19T23:36:24Z</time></trkpt>
<trkpt lat="36.5880184527827" lon="137.6198827755988"><ele>2828.1</ele><time>2016-08-19T23:36:27Z</time></trkpt>
<trkpt lat="36.5880348394034" lon="137.6198375971407"><ele>2826.7</ele><time>2016-08-19T23:36:33Z</time></trkpt>
<trkpt lat="36.5880775032906" lon="137.6197874733597"><ele>2823.7</ele><time>2016-08-19T23:36:46Z</time></trkpt>
<trkpt lat="36.5880635474218" lon="137.6197676920682"><ele>2822.1</ele><time>2016-08-19T23:36:53Z</time></trkpt>
<trkpt lat="36.5880716359584" lon="137.6197425463587"><ele>2821.6</ele><time>2016-08-19T23:36:56Z</time></trkpt>
<trkpt lat="36.5880440594969" lon="137.6196718030959"><ele>2819.2</ele><time>2016-08-19T23:37:06Z</time></trkpt>
<trkpt lat="36.5881169401450" lon="137.6196138003260"><ele>2816.6</ele><time>2016-08-19T23:37:23Z</time></trkpt>
<trkpt lat="36.5881941793827" lon="137.6196029038519"><ele>2815.8</ele><time>2016-08-19T23:37:32Z</time></trkpt>
<trkpt lat="36.5882009268148" lon="137.6195594017744"><ele>2815.3</ele><time>2016-08-19T23:37:37Z</time></trkpt>
<trkpt lat="36.5882780822335" lon="137.6195483376622"><ele>2811.7</ele><time>2016-08-19T23:37:48Z</time></trkpt>
<trkpt lat="36.5882660961119" lon="137.6195210126579"><ele>2811.1</ele><time>2016-08-19T23:37:54Z</time></trkpt>
<trkpt lat="36.5882982826201" lon="137.6195010637283"><ele>2810.7</ele><time>2016-08-19T23:38:00Z</time></trkpt>
<trkpt lat="36.5883057006044" lon="137.6194490121096"><ele>2807.5</ele><time>2016-08-19T23:38:05Z</time></trkpt>
<trkpt lat="36.5883233864201" lon="137.6194420551300"><ele>2809.9</ele><time>2016-08-19T23:38:07Z</time></trkpt>
<trkpt lat="36.5883432934401" lon="137.6193985530525"><ele>2807.3</ele><time>2016-08-19T23:38:15Z</time></trkpt>
<trkpt lat="36.5883894358171" lon="137.6192863193691"><ele>2804.7</ele><time>2016-08-19T23:38:29Z</time></trkpt>
<trkpt lat="36.5884620650081" lon="137.6192066074699"><ele>2802.1</ele><time>2016-08-19T23:38:42Z</time></trkpt>
<trkpt lat="36.5884577483280" lon="137.6191769355327"><ele>2801.0</ele><time>2016-08-19T23:38:47Z</time></trkpt>
<trkpt lat="36.5884937905116" lon="137.6191571542412"><ele>2799.9</ele><time>2016-08-19T23:38:53Z</time></trkpt>
<trkpt lat="36.5885361191226" lon="137.6191475988716"><ele>2798.4</ele><time>2016-08-19T23:38:59Z</time></trkpt>
<trkpt lat="36.5885950019924" lon="137.6190789510846"><ele>2793.0</ele><time>2016-08-19T23:39:53Z</time></trkpt>
<trkpt lat="36.5886134840889" lon="137.6190301684082"><ele>2790.4</ele><time>2016-08-19T23:40:01Z</time></trkpt>
<trkpt lat="36.5886480175299" lon="137.6190554817557"><ele>2790.1</ele><time>2016-08-19T23:40:06Z</time></trkpt>
<trkpt lat="36.5886611771179" lon="137.6190398075968"><ele>2789.4</ele><time>2016-08-19T23:40:09Z</time></trkpt>
<trkpt lat="36.5887423139406" lon="137.6190500335187"><ele>2785.9</ele><time>2016-08-19T23:40:21Z</time></trkpt>
<trkpt lat="36.5887939883737" lon="137.6190171764582"><ele>2785.4</ele><time>2016-08-19T23:40:30Z</time></trkpt>
<trkpt lat="36.5887740394441" lon="137.6189776138753"><ele>2783.9</ele><time>2016-08-19T23:40:36Z</time></trkpt>
<trkpt lat="36.5888338443233" lon="137.6189644542873"><ele>2782.3</ele><time>2016-08-19T23:40:45Z</time></trkpt>
<trkpt lat="36.5888701379640" lon="137.6189635322779"><ele>2780.2</ele><time>2016-08-19T23:40:55Z</time></trkpt>
<trkpt lat="36.5888664080171" lon="137.6189407335013"><ele>2779.3</ele><time>2016-08-19T23:40:58Z</time></trkpt>
<trkpt lat="36.5889819525523" lon="137.6188972314239"><ele>2775.7</ele><time>2016-08-19T23:41:18Z</time></trkpt>
<trkpt lat="36.5890275081960" lon="137.6189020929277"><ele>2774.5</ele><time>2016-08-19T23:41:24Z</time></trkpt>
<trkpt lat="36.5890754945917" lon="137.6188459341764"><ele>2772.6</ele><time>2016-08-19T23:41:32Z</time></trkpt>
<trkpt lat="36.5891333716331" lon="137.6188176871628"><ele>2770.6</ele><time>2016-08-19T23:41:41Z</time></trkpt>
<trkpt lat="36.5891618701039" lon="137.6187832375407"><ele>2769.1</ele><time>2016-08-19T23:41:50Z</time></trkpt>
<trkpt lat="36.5891718445687" lon="137.6187383105397"><ele>2768.0</ele><time>2016-08-19T23:41:56Z</time></trkpt>
<trkpt lat="36.5892029833389" lon="137.6187061240315"><ele>2766.9</ele><time>2016-08-19T23:42:04Z</time></trkpt>
<trkpt lat="36.5892392350702" lon="137.6186997537851"><ele>2765.9</ele><time>2016-08-19T23:42:10Z</time></trkpt>
<trkpt lat="36.5892537357626" lon="137.6187220496476"><ele>2765.7</ele><time>2016-08-19T23:42:13Z</time></trkpt>
<trkpt lat="36.5893007582394" lon="137.6187275817037"><ele>2764.2</ele><time>2016-08-19T23:42:20Z</time></trkpt>
<trkpt lat="36.5893157618461" lon="137.6187043638319"><ele>2764.3</ele><time>2016-08-19T23:42:29Z</time></trkpt>
<trkpt lat="36.5893050330100" lon="137.6186544076890"><ele>2762.0</ele><time>2016-08-19T23:42:35Z</time></trkpt>
<trkpt lat="36.5893523907630" lon="137.6186143421918"><ele>2760.0</ele><time>2016-08-19T23:42:44Z</time></trkpt>
<trkpt lat="36.5893618623136" lon="137.6185395756155"><ele>2759.6</ele><time>2016-08-19T23:43:02Z</time></trkpt>
<trkpt lat="36.5894015925346" lon="137.6185457782239"><ele>2758.8</ele><time>2016-08-19T23:43:09Z</time></trkpt>
<trkpt lat="36.5893909056080" lon="137.6184892841965"><ele>2759.0</ele><time>2016-08-19T23:43:29Z</time></trkpt>
<trkpt lat="36.5893738484351" lon="137.6184798964649"><ele>2758.0</ele><time>2016-08-19T23:43:43Z</time></trkpt>
<trkpt lat="36.5893943840979" lon="137.6184317005217"><ele>2756.6</ele><time>2016-08-19T23:43:48Z</time></trkpt>
<trkpt lat="36.5894178953363" lon="137.6184232347995"><ele>2756.5</ele><time>2016-08-19T23:43:51Z</time></trkpt>
<trkpt lat="36.5894422028555" lon="137.6183475462139"><ele>2754.4</ele><time>2016-08-19T23:43:58Z</time></trkpt>
<trkpt lat="36.5895190229980" lon="137.6182571892977"><ele>2752.9</ele><time>2016-08-19T23:44:09Z</time></trkpt>
<trkpt lat="36.5895605972377" lon="137.6181407646626"><ele>2751.5</ele><time>2016-08-19T23:44:21Z</time></trkpt>
<trkpt lat="36.5895914426414" lon="137.6180763916463"><ele>2751.4</ele><time>2016-08-19T23:44:45Z</time></trkpt>
<trkpt lat="36.5895955916835" lon="137.6180105098873"><ele>2752.2</ele><time>2016-08-19T23:44:52Z</time></trkpt>
<trkpt lat="36.5896092541857" lon="137.6179895551294"><ele>2752.7</ele><time>2016-08-19T23:44:55Z</time></trkpt>
<trkpt lat="36.5896520018918" lon="137.6179773175508"><ele>2753.2</ele><time>2016-08-19T23:45:01Z</time></trkpt>
<trkpt lat="36.5896812547339" lon="137.6178889722914"><ele>2753.7</ele><time>2016-08-19T23:45:10Z</time></trkpt>
<trkpt lat="36.5897431131793" lon="137.6178475656897"><ele>2753.8</ele><time>2016-08-19T23:45:17Z</time></trkpt>
<trkpt lat="36.5897957934407" lon="137.6177940891475"><ele>2754.5</ele><time>2016-08-19T23:45:24Z</time></trkpt>
<trkpt lat="36.5898726135833" lon="137.6175886487007"><ele>2753.9</ele><time>2016-08-19T23:45:44Z</time></trkpt>
<trkpt lat="36.5899717295883" lon="137.6175396145672"><ele>2755.1</ele><time>2016-08-19T23:45:57Z</time></trkpt>
<trkpt lat="36.5900121722711" lon="137.6175127086580"><ele>2755.3</ele><time>2016-08-19T23:46:02Z</time></trkpt>
<trkpt lat="36.5900807781486" lon="137.6174998005271"><ele>2755.4</ele><time>2016-08-19T23:46:21Z</time></trkpt>
<trkpt lat="36.5901748650117" lon="137.6174125449151"><ele>2755.4</ele><time>2016-08-19T23:46:32Z</time></trkpt>
<trkpt lat="36.5903689898891" lon="137.6172348485678"><ele>2757.0</ele><time>2016-08-19T23:47:02Z</time></trkpt>
<trkpt lat="36.5904689859940" lon="137.6171646920383"><ele>2758.5</ele><time>2016-08-19T23:47:14Z</time></trkpt>
<trkpt lat="36.5904841991482" lon="137.6171201841325"><ele>2757.9</ele><time>2016-08-19T23:47:19Z</time></trkpt>
<trkpt lat="36.5905748913405" lon="137.6170921047568"><ele>2757.2</ele><time>2016-08-19T23:47:30Z</time></trkpt>
<trkpt lat="36.5906121489001" lon="137.6170603373438"><ele>2755.9</ele><time>2016-08-19T23:47:37Z</time></trkpt>
<trkpt lat="36.5906184353275" lon="137.6170050167829"><ele>2754.8</ele><time>2016-08-19T23:47:44Z</time></trkpt>
<trkpt lat="36.5905923256991" lon="137.6169619338006"><ele>2754.0</ele><time>2016-08-19T23:47:50Z</time></trkpt>
<trkpt lat="36.5906074131248" lon="137.6169217006654"><ele>2753.2</ele><time>2016-08-19T23:47:55Z</time></trkpt>
<trkpt lat="36.5906629013238" lon="137.6168364567101"><ele>2751.4</ele><time>2016-08-19T23:48:06Z</time></trkpt>
<trkpt lat="36.5907096304340" lon="137.6168654580951"><ele>2750.6</ele><time>2016-08-19T23:48:38Z</time></trkpt>
<trkpt lat="36.5907438285990" lon="137.6169027575642"><ele>2750.4</ele><time>2016-08-19T23:48:47Z</time></trkpt>
<trkpt lat="36.5908783162353" lon="137.6169766021311"><ele>2747.7</ele><time>2016-08-19T23:49:04Z</time></trkpt>
<trkpt lat="36.5910284780307" lon="137.6170051006019"><ele>2744.3</ele><time>2016-08-19T23:49:23Z</time></trkpt>
<trkpt lat="36.5911062620921" lon="137.6170686354280"><ele>2742.7</ele><time>2016-08-19T23:49:35Z</time></trkpt>
<trkpt lat="36.5912067192016" lon="137.6170950384229"><ele>2742.2</ele><time>2016-08-19T23:49:46Z</time></trkpt>
<trkpt lat="36.5912641352383" lon="137.6170954575181"><ele>2742.3</ele><time>2016-08-19T23:49:52Z</time></trkpt>
<trkpt lat="36.5914173564283" lon="137.6171272249311"><ele>2742.5</ele><time>2016-08-19T23:50:32Z</time></trkpt>
<trkpt lat="36.5914846212013" lon="137.6171092876583"><ele>2742.2</ele><time>2016-08-19T23:50:38Z</time></trkpt>
<trkpt lat="36.5916345734490" lon="137.6171431505472"><ele>2746.0</ele><time>2016-08-19T23:50:56Z</time></trkpt>
<trkpt lat="36.5916774887932" lon="137.6171450783849"><ele>2747.5</ele><time>2016-08-19T23:51:04Z</time></trkpt>
<trkpt lat="36.5917654987765" lon="137.6171437372804"><ele>2750.0</ele><time>2016-08-19T23:51:26Z</time></trkpt>
<trkpt lat="36.5919470927088" lon="137.6171782707214"><ele>2747.8</ele><time>2016-08-19T23:51:59Z</time></trkpt>
<trkpt lat="36.5920699294997" lon="137.6171884966433"><ele>2747.9</ele><time>2016-08-19T23:52:11Z</time></trkpt>
<trkpt lat="36.5922071831642" lon="137.6172342618346"><ele>2749.5</ele><time>2016-08-19T23:52:27Z</time></trkpt>
<trkpt lat="36.5922770044176" lon="137.6172427275568"><ele>2751.0</ele><time>2016-08-19T23:52:36Z</time></trkpt>
<trkpt lat="36.5923173213718" lon="137.6172071882874"><ele>2751.2</ele><time>2016-08-19T23:52:42Z</time></trkpt>
<trkpt lat="36.5923714684663" lon="137.6172229462653"><ele>2752.8</ele><time>2016-08-19T23:52:50Z</time></trkpt>
<trkpt lat="36.5924091451211" lon="137.6171872393578"><ele>2753.1</ele><time>2016-08-19T23:52:56Z</time></trkpt>
<trkpt lat="36.5924275433985" lon="137.6171900053859"><ele>2753.6</ele><time>2016-08-19T23:52:59Z</time></trkpt>
<trkpt lat="36.5924605680970" lon="137.6172260475695"><ele>2754.6</ele><time>2016-08-19T23:53:07Z</time></trkpt>
<trkpt lat="36.5926278708843" lon="137.6170121414006"><ele>2760.0</ele><time>2016-08-19T23:53:46Z</time></trkpt>
<trkpt lat="36.5926465206189" lon="137.6170018316597"><ele>2760.5</ele><time>2016-08-19T23:53:52Z</time></trkpt>
<trkpt lat="36.5926544834269" lon="137.6170227025986"><ele>2760.8</ele><time>2016-08-19T23:53:56Z</time></trkpt>
<trkpt lat="36.5927595086737" lon="137.6170636901051"><ele>2767.0</ele><time>2016-08-19T23:54:34Z</time></trkpt>
<trkpt lat="36.5927632805301" lon="137.6171261352837"><ele>2767.9</ele><time>2016-08-19T23:54:41Z</time></trkpt>
<trkpt lat="36.5927787451414" lon="137.6171437372804"><ele>2767.8</ele><time>2016-08-19T23:54:43Z</time></trkpt>
<trkpt lat="36.5928881289778" lon="137.6171396301478"><ele>2774.1</ele><time>2016-08-19T23:57:07Z</time></trkpt>
<trkpt lat="36.5928644081918" lon="137.6170849801391"><ele>2775.3</ele><time>2016-08-19T23:57:49Z</time></trkpt>
<trkpt lat="36.5929552261127" lon="137.6171474253178"><ele>2777.5</ele><time>2016-08-19T23:58:10Z</time></trkpt>
<trkpt lat="36.5930340579120" lon="137.6171573159635"><ele>2779.5</ele><time>2016-08-19T23:58:28Z</time></trkpt>
<trkpt lat="36.5930795297367" lon="137.6171436534613"><ele>2780.0</ele><time>2016-08-19T23:58:40Z</time></trkpt>
<trkpt lat="36.5931516141040" lon="137.6171415579855"><ele>2781.8</ele><time>2016-08-19T23:58:55Z</time></trkpt>
<trkpt lat="36.5932575194506" lon="137.6171278116643"><ele>2783.1</ele><time>2016-08-19T23:59:10Z</time></trkpt>
<trkpt lat="36.5933819907127" lon="137.6171597467154"><ele>2785.2</ele><time>2016-08-19T23:59:29Z</time></trkpt>
<trkpt lat="36.5934617445214" lon="137.6171474253178"><ele>2788.3</ele><time>2016-08-19T23:59:49Z</time></trkpt>
<trkpt lat="36.5934967808766" lon="137.6171071083635"><ele>2789.0</ele><time>2016-08-20T00:00:19Z</time></trkpt>
<trkpt lat="36.5936265746472" lon="137.6172180847615"><ele>2792.3</ele><time>2016-08-20T00:00:42Z</time></trkpt>
<trkpt lat="36.5937062865464" lon="137.6172516961932"><ele>2794.3</ele><time>2016-08-20T00:00:58Z</time></trkpt>
<trkpt lat="36.5937579190699" lon="137.6172837150633"><ele>2795.8</ele><time>2016-08-20T00:01:08Z</time></trkpt>
<trkpt lat="36.5938869165597" lon="137.6173071843922"><ele>2797.6</ele><time>2016-08-20T00:01:28Z</time></trkpt>
<trkpt lat="36.5939418599350" lon="137.6172682085425"><ele>2797.6</ele><time>2016-08-20T00:01:35Z</time></trkpt>
<trkpt lat="36.5939834341748" lon="137.6172910073191"><ele>2797.9</ele><time>2016-08-20T00:01:40Z</time></trkpt>
<trkpt lat="36.5939962584866" lon="137.6173459926039"><ele>2798.7</ele><time>2016-08-20T00:01:44Z</time></trkpt>
<trkpt lat="36.5940775629474" lon="137.6174132154673"><ele>2802.6</ele><time>2016-08-20T00:02:08Z</time></trkpt>
<trkpt lat="36.5940930694682" lon="137.6173822862446"><ele>2803.1</ele><time>2016-08-20T00:02:16Z</time></trkpt>
<trkpt lat="36.5940729529006" lon="137.6174947713852"><ele>2805.3</ele><time>2016-08-20T00:02:34Z</time></trkpt>
<trkpt lat="36.5941695962442" lon="137.6175028180122"><ele>2808.5</ele><time>2016-08-20T00:02:50Z</time></trkpt>
<trkpt lat="36.5941979270769" lon="137.6174676978380"><ele>2809.6</ele><time>2016-08-20T00:03:14Z</time></trkpt>
<trkpt lat="36.5942168282686" lon="137.6174855512917"><ele>2811.5</ele><time>2016-08-20T00:03:22Z</time></trkpt>
<trkpt lat="36.5942590311510" lon="137.6174871438533"><ele>2813.3</ele><time>2016-08-20T00:03:46Z</time></trkpt>
<trkpt lat="36.5942752920432" lon="137.6174311527401"><ele>2813.5</ele><time>2016-08-20T00:03:50Z</time></trkpt>
<trkpt lat="36.5943096159367" lon="137.6174260397792"><ele>2815.6</ele><time>2016-08-20T00:04:02Z</time></trkpt>
<trkpt lat="36.5943348873747" lon="137.6174694580376"><ele>2817.4</ele><time>2016-08-20T00:04:24Z</time></trkpt>
<trkpt lat="36.5943627572028" lon="137.6174644288957"><ele>2819.3</ele><time>2016-08-20T00:04:34Z</time></trkpt>
<trkpt lat="36.5943736117674" lon="137.6175442246139"><ele>2819.9</ele><time>2016-08-20T00:04:56Z</time></trkpt>
<trkpt lat="36.5943972906439" lon="137.6175523550600"><ele>2820.1</ele><time>2016-08-20T00:05:00Z</time></trkpt>
<trkpt lat="36.5944174910305" lon="137.6175331605017"><ele>2820.3</ele><time>2016-08-20T00:05:03Z</time></trkpt>
<trkpt lat="36.5944078099323" lon="137.6175612398773"><ele>2822.6</ele><time>2016-08-20T00:07:20Z</time></trkpt>
<trkpt lat="36.5944247832863" lon="137.6175763273031"><ele>2826.2</ele><time>2016-08-20T00:08:18Z</time></trkpt>
<trkpt lat="36.5944614541126" lon="137.6175664366573"><ele>2826.5</ele><time>2016-08-20T00:08:24Z</time></trkpt>
<trkpt lat="36.5944662317974" lon="137.6175945998520"><ele>2829.5</ele><time>2016-08-20T00:08:28Z</time></trkpt>
<trkpt lat="36.5944835823370" lon="137.6176028979361"><ele>2829.2</ele><time>2016-08-20T00:08:31Z</time></trkpt>
<trkpt lat="36.5945132123647" lon="137.6175761596650"><ele>2829.7</ele><time>2016-08-20T00:08:38Z</time></trkpt>
<trkpt lat="36.5945657249881" lon="137.6175976173371"><ele>2832.9</ele><time>2016-08-20T00:09:02Z</time></trkpt>
<trkpt lat="36.5945892362265" lon="137.6175984555274"><ele>2832.8</ele><time>2016-08-20T00:09:05Z</time></trkpt>
<trkpt lat="36.5945897810502" lon="137.6175682806760"><ele>2832.9</ele><time>2016-08-20T00:09:07Z</time></trkpt>
<trkpt lat="36.5946317743851" lon="137.6175767463982"><ele>2834.3</ele><time>2016-08-20T00:09:22Z</time></trkpt>
<trkpt lat="36.5946514299480" lon="137.6175720525324"><ele>2834.2</ele><time>2016-08-20T00:09:28Z</time></trkpt>
<trkpt lat="36.5946645476265" lon="137.6176428796142"><ele>2839.7</ele><time>2016-08-20T00:10:10Z</time></trkpt>
<trkpt lat="36.5947255678816" lon="137.6176952665091"><ele>2842.8</ele><time>2016-08-20T00:10:47Z</time></trkpt>
<trkpt lat="36.5947568742899" lon="137.6176650916576"><ele>2844.7</ele><time>2016-08-20T00:11:11Z</time></trkpt>
<trkpt lat="36.5948069561614" lon="137.6177437977284"><ele>2848.9</ele><time>2016-08-20T00:11:53Z</time></trkpt>
<trkpt lat="36.5947846602989" lon="137.6177625731915"><ele>2849.6</ele><time>2016-08-20T00:12:01Z</time></trkpt>
<trkpt lat="36.5948007116435" lon="137.6178095118493"><ele>2850.9</ele><time>2016-08-20T00:12:06Z</time></trkpt>
<trkpt lat="36.5949392645029" lon="137.6178820153117"><ele>2857.2</ele><time>2016-08-20T00:12:47Z</time></trkpt>
<trkpt lat="36.5949537232859" lon="137.6178481524229"><ele>2859.3</ele><time>2016-08-20T00:13:09Z</time></trkpt>
<trkpt lat="36.5950220357967" lon="137.6178909839481"><ele>2861.3</ele><time>2016-08-20T00:13:24Z</time></trkpt>
<trkpt lat="36.5950584970755" lon="137.6178878826439"><ele>2863.7</ele><time>2016-08-20T00:13:44Z</time></trkpt>
<trkpt lat="36.5951025020672" lon="137.6179002040416"><ele>2866.2</ele><time>2016-08-20T00:14:01Z</time></trkpt>
<trkpt lat="36.5951109258799" lon="137.6178734657705"><ele>2867.5</ele><time>2016-08-20T00:14:09Z</time></trkpt>
<trkpt lat="36.5951670008121" lon="137.6178667602479"><ele>2868.6</ele><time>2016-08-20T00:14:16Z</time></trkpt>
<trkpt lat="36.5952139394699" lon="137.6178541873932"><ele>2871.0</ele><time>2016-08-20T00:14:27Z</time></trkpt>
<trkpt lat="36.5952478861777" lon="137.6176987030894"><ele>2874.0</ele><time>2016-08-20T00:16:26Z</time></trkpt>
<trkpt lat="36.5952794440431" lon="137.6177206636757"><ele>2875.9</ele><time>2016-08-20T00:16:36Z</time></trkpt>
<trkpt lat="36.5952949924735" lon="137.6177073364496"><ele>2876.3</ele><time>2016-08-20T00:16:39Z</time></trkpt>
<trkpt lat="36.5952854371039" lon="137.6176602301538"><ele>2878.3</ele><time>2016-08-20T00:16:46Z</time></trkpt>
<trkpt lat="36.5953974193303" lon="137.6176781674266"><ele>2880.8</ele><time>2016-08-20T00:16:58Z</time></trkpt>
<trkpt lat="36.5954788076101" lon="137.6177156345338"><ele>2883.4</ele><time>2016-08-20T00:17:08Z</time></trkpt>
<trkpt lat="36.5955816954715" lon="137.6176064183354"><ele>2884.0</ele><time>2016-08-20T00:17:24Z</time></trkpt>
<trkpt lat="36.5956332441760" lon="137.6175891516149"><ele>2885.4</ele><time>2016-08-20T00:17:58Z</time></trkpt>
<trkpt lat="36.5956270415677" lon="137.6175674424857"><ele>2884.3</ele><time>2016-08-20T00:19:36Z</time></trkpt>
<trkpt lat="36.5956230182541" lon="137.6175931749284"><ele>2883.8</ele><time>2016-08-20T00:20:19Z</time></trkpt>
<trkpt lat="36.5956373093991" lon="137.6175669395715"><ele>2883.8</ele><time>2016-08-20T00:20:29Z</time></trkpt>
<trkpt lat="36.5956154326318" lon="137.6176318993211"><ele>2884.9</ele><time>2016-08-20T00:21:02Z</time></trkpt>
<trkpt lat="36.5957143809987" lon="137.6178499126226"><ele>2879.6</ele><time>2016-08-20T00:21:32Z</time></trkpt>
<trkpt lat="36.5957917459650" lon="137.6179230866373"><ele>2878.3</ele><time>2016-08-20T00:21:45Z</time></trkpt>
<trkpt lat="36.5958557837052" lon="137.6181449556142"><ele>2877.3</ele><time>2016-08-20T00:22:06Z</time></trkpt>
<trkpt lat="36.5959160914985" lon="137.6182344743401"><ele>2877.8</ele><time>2016-08-20T00:22:16Z</time></trkpt>
<trkpt lat="36.5960478131069" lon="137.6183372364730"><ele>2873.9</ele><time>2016-08-20T00:22:34Z</time></trkpt>
<trkpt lat="36.5961173829032" lon="137.6184412558913"><ele>2874.2</ele><time>2016-08-20T00:22:46Z</time></trkpt>
<trkpt lat="36.5961485216735" lon="137.6185187046766"><ele>2874.2</ele><time>2016-08-20T00:22:54Z</time></trkpt>
<trkpt lat="36.5962714841930" lon="137.6186734346092"><ele>2873.4</ele><time>2016-08-20T00:23:11Z</time></trkpt>
<trkpt lat="36.5964060975580" lon="137.6187954751194"><ele>2873.0</ele><time>2016-08-20T00:23:25Z</time></trkpt>
<trkpt lat="36.5965506853877" lon="137.6190730837524"><ele>2874.9</ele><time>2016-08-20T00:23:53Z</time></trkpt>
<trkpt lat="36.5966592729432" lon="137.6191589144409"><ele>2873.2</ele><time>2016-08-20T00:24:07Z</time></trkpt>
<trkpt lat="36.5967370570047" lon="137.6192067751080"><ele>2872.5</ele><time>2016-08-20T00:24:15Z</time></trkpt>
<trkpt lat="36.5967648011042" lon="137.6193020773470"><ele>2873.1</ele><time>2016-08-20T00:24:23Z</time></trkpt>
<trkpt lat="36.5967677347703" lon="137.6193813701510"><ele>2873.6</ele><time>2016-08-20T00:24:30Z</time></trkpt>
<trkpt lat="36.5968748135833" lon="137.6195591503173"><ele>2875.8</ele><time>2016-08-20T00:24:49Z</time></trkpt>
<trkpt lat="36.5969361272050" lon="137.6197313146085"><ele>2876.3</ele><time>2016-08-20T00:25:05Z</time></trkpt>
<trkpt lat="36.5970168868421" lon="137.6198408660829"><ele>2879.3</ele><time>2016-08-20T00:25:24Z</time></trkpt>
<trkpt lat="36.5970916534184" lon="137.6198902354926"><ele>2880.5</ele><time>2016-08-20T00:25:34Z</time></trkpt>
<trkpt lat="36.5971276956020" lon="137.6199559496135"><ele>2881.6</ele><time>2016-08-20T00:25:42Z</time></trkpt>
<trkpt lat="36.5971967624841" lon="137.6199691092014"><ele>2882.5</ele><time>2016-08-20T00:25:49Z</time></trkpt>
<trkpt lat="36.5972354449673" lon="137.6199449693203"><ele>2882.9</ele><time>2016-08-20T00:25:53Z</time></trkpt>
<trkpt lat="36.5972616384147" lon="137.6199528483093"><ele>2883.2</ele><time>2016-08-20T00:25:58Z</time></trkpt>
<trkpt lat="36.5972672542898" lon="137.6200041455567"><ele>2884.2</ele><time>2016-08-20T00:26:05Z</time></trkpt>
<trkpt lat="36.5973393805666" lon="137.6200058219373"><ele>2885.7</ele><time>2016-08-20T00:26:14Z</time></trkpt>
<trkpt lat="36.5973646100951" lon="137.6201131102979"><ele>2887.3</ele><time>2016-08-20T00:26:25Z</time></trkpt>
<trkpt lat="36.5974028315736" lon="137.6201662515640"><ele>2888.3</ele><time>2016-08-20T00:26:34Z</time></trkpt>
<trkpt lat="36.5975139756097" lon="137.6202461311013"><ele>2890.2</ele><time>2016-08-20T00:29:15Z</time></trkpt>
<trkpt lat="36.5975059289826" lon="137.6202188899159"><ele>2890.5</ele><time>2016-08-20T00:30:30Z</time></trkpt>
<trkpt lat="36.5975110000340" lon="137.6202832629323"><ele>2893.5</ele><time>2016-08-20T00:33:15Z</time></trkpt>
<trkpt lat="36.5975868562577" lon="137.6203477197677"><ele>2893.4</ele><time>2016-08-20T00:33:26Z</time></trkpt>
<trkpt lat="36.5977231460033" lon="137.6204118413270"><ele>2892.3</ele><time>2016-08-20T00:33:42Z</time></trkpt>
<trkpt lat="36.5977617446674" lon="137.6203995199293"><ele>2891.2</ele><time>2016-08-20T00:33:46Z</time></trkpt>
<trkpt lat="36.5977974515749" lon="137.6204387472361"><ele>2889.8</ele><time>2016-08-20T00:36:06Z</time></trkpt>
<trkpt lat="36.5977817774160" lon="137.6203931496829"><ele>2890.3</ele><time>2016-08-20T00:37:28Z</time></trkpt>
<trkpt lat="36.5978003014220" lon="137.6204119251460"><ele>2887.8</ele><time>2016-08-20T00:39:51Z</time></trkpt>
<trkpt lat="36.5977827832444" lon="137.6204328799039"><ele>2890.2</ele><time>2016-08-20T00:43:33Z</time></trkpt>
<trkpt lat="36.5977936378090" lon="137.6203828399420"><ele>2889.3</ele><time>2016-08-20T00:43:46Z</time></trkpt>
<trkpt lat="36.5978278359739" lon="137.6203879529029"><ele>2891.7</ele><time>2016-08-20T01:03:38Z</time></trkpt>
<trkpt lat="36.5977956075562" lon="137.6203637292028"><ele>2890.3</ele><time>2016-08-20T01:04:29Z</time></trkpt>
<trkpt lat="36.5977872256530" lon="137.6203922276735"><ele>2890.3</ele><time>2016-08-20T01:05:01Z</time></trkpt>
<trkpt lat="36.5978078451348" lon="137.6203838457704"><ele>2889.9</ele><time>2016-08-20T01:09:42Z</time></trkpt>
<trkpt lat="36.5977873513816" lon="137.6203680039734"><ele>2889.1</ele><time>2016-08-20T01:10:45Z</time></trkpt>
<trkpt lat="36.5978292608974" lon="137.6203850192368"><ele>2890.3</ele><time>2016-08-20T01:17:41Z</time></trkpt>
<trkpt lat="36.5978156822143" lon="137.6203679201543"><ele>2890.0</ele><time>2016-08-20T01:18:33Z</time></trkpt>
<trkpt lat="36.5977015626026" lon="137.6203681716114"><ele>2887.9</ele><time>2016-08-20T01:19:31Z</time></trkpt>
<trkpt lat="36.5976049611686" lon="137.6202607156128"><ele>2887.3</ele><time>2016-08-20T01:19:50Z</time></trkpt>
<trkpt lat="36.5975409653379" lon="137.6201675088495"><ele>2887.2</ele><time>2016-08-20T01:20:04Z</time></trkpt>
<trkpt lat="36.5973905939950" lon="137.6200632379741"><ele>2885.0</ele><time>2016-08-20T01:20:29Z</time></trkpt>
<trkpt lat="36.5972747141836" lon="137.6200342365891"><ele>2883.8</ele><time>2016-08-20T01:20:42Z</time></trkpt>
<trkpt lat="36.5972596267579" lon="137.6199818496943"><ele>2884.0</ele><time>2016-08-20T01:20:47Z</time></trkpt>
<trkpt lat="36.5972331399439" lon="137.6199804247707"><ele>2883.9</ele><time>2016-08-20T01:20:50Z</time></trkpt>
<trkpt lat="36.5971795376731" lon="137.6200083365083"><ele>2884.9</ele><time>2016-08-20T01:20:54Z</time></trkpt>
<trkpt lat="36.5971227502791" lon="137.6199665946305"><ele>2882.5</ele><time>2016-08-20T01:21:01Z</time></trkpt>
<trkpt lat="36.5970640769569" lon="137.6198888943881"><ele>2880.4</ele><time>2016-08-20T01:21:09Z</time></trkpt>
<trkpt lat="36.5969935851512" lon="137.6198275388569"><ele>2878.6</ele><time>2016-08-20T01:21:17Z</time></trkpt>
<trkpt lat="36.5968959778888" lon="137.6196689532489"><ele>2875.9</ele><time>2016-08-20T01:21:31Z</time></trkpt>
<trkpt lat="36.5968620311810" lon="137.6195614134312"><ele>2874.8</ele><time>2016-08-20T01:21:39Z</time></trkpt>
<trkpt lat="36.5967893181710" lon="137.6194240340382"><ele>2873.0</ele><time>2016-08-20T01:21:53Z</time></trkpt>
<trkpt lat="36.5967256576164" lon="137.6192491037190"><ele>2871.9</ele><time>2016-08-20T01:22:11Z</time></trkpt>
<trkpt lat="36.5966236917643" lon="137.6191553940415"><ele>2872.0</ele><time>2016-08-20T01:22:21Z</time></trkpt>
<trkpt lat="36.5965530742301" lon="137.6190300845891"><ele>2872.7</ele><time>2016-08-20T01:22:31Z</time></trkpt>
<trkpt lat="36.5964708477600" lon="137.6189141628683"><ele>2873.0</ele><time>2016-08-20T01:22:51Z</time></trkpt>
<trkpt lat="36.5962805366484" lon="137.6187052020222"><ele>2872.2</ele><time>2016-08-20T01:23:09Z</time></trkpt>
<trkpt lat="36.5962304547770" lon="137.6185867657304"><ele>2872.8</ele><time>2016-08-20T01:23:20Z</time></trkpt>
<trkpt lat="36.5961328056050" lon="137.6184328739882"><ele>2873.8</ele><time>2016-08-20T01:23:35Z</time></trkpt>
<trkpt lat="36.5960759763015" lon="137.6183333807975"><ele>2874.4</ele><time>2016-08-20T01:23:41Z</time></trkpt>
<trkpt lat="36.5959783690391" lon="137.6182332170546"><ele>2875.7</ele><time>2016-08-20T01:23:51Z</time></trkpt>
<trkpt lat="36.5959517984061" lon="137.6181895473391"><ele>2876.7</ele><time>2016-08-20T01:24:02Z</time></trkpt>
<trkpt lat="36.5959030995486" lon="137.6181568579167"><ele>2876.8</ele><time>2016-08-20T01:24:08Z</time></trkpt>
<trkpt lat="36.5958554065196" lon="137.6180183888763"><ele>2878.2</ele><time>2016-08-20T01:24:25Z</time></trkpt>
<trkpt lat="36.5957906563176" lon="137.6179424488336"><ele>2881.5</ele><time>2016-08-20T01:24:37Z</time></trkpt>
<trkpt lat="36.5956753213299" lon="137.6177500003368"><ele>2882.5</ele><time>2016-08-20T01:24:54Z</time></trkpt>
<trkpt lat="36.5956088109283" lon="137.6176267863601"><ele>2885.1</ele><time>2016-08-20T01:25:11Z</time></trkpt>
<trkpt lat="36.5955870598895" lon="137.6175693703234"><ele>2883.6</ele><time>2016-08-20T01:25:26Z</time></trkpt>
<trkpt lat="36.5955911670221" lon="137.6174244472176"><ele>2881.2</ele><time>2016-08-20T01:25:38Z</time></trkpt>
<trkpt lat="36.5955726011066" lon="137.6174013131648"><ele>2879.9</ele><time>2016-08-20T01:25:46Z</time></trkpt>
<trkpt lat="36.5955280093817" lon="137.6173891594052"><ele>2879.4</ele><time>2016-08-20T01:25:52Z</time></trkpt>
<trkpt lat="36.5955270873723" lon="137.6172522829264"><ele>2875.6</ele><time>2016-08-20T01:26:10Z</time></trkpt>
<trkpt lat="36.5955353016375" lon="137.6171548852116"><ele>2873.6</ele><time>2016-08-20T01:26:28Z</time></trkpt>
<trkpt lat="36.5955293085767" lon="137.6171247941792"><ele>2873.6</ele><time>2016-08-20T01:26:31Z</time></trkpt>
<trkpt lat="36.5955474973066" lon="137.6170764305979"><ele>2871.4</ele><time>2016-08-20T01:26:41Z</time></trkpt>
<trkpt lat="36.5954899136318" lon="137.6168728341699"><ele>2866.4</ele><time>2016-08-20T01:27:31Z</time></trkpt>
<trkpt lat="36.5954611217944" lon="137.6167352033198"><ele>2865.2</ele><time>2016-08-20T01:27:42Z</time></trkpt>
<trkpt lat="36.5954566793857" lon="137.6165285894066"><ele>2864.9</ele><time>2016-08-20T01:28:15Z</time></trkpt>
<trkpt lat="36.5954533685340" lon="137.6164332871676"><ele>2865.5</ele><time>2016-08-20T01:28:24Z</time></trkpt>
<trkpt lat="36.5954474173827" lon="137.6163426787943"><ele>2866.1</ele><time>2016-08-20T01:28:36Z</time></trkpt>
<trkpt lat="36.5954488842158" lon="137.6162664872944"><ele>2866.5</ele><time>2016-08-20T01:28:43Z</time></trkpt>
<trkpt lat="36.5954274684532" lon="137.6162198839128"><ele>2864.1</ele><time>2016-08-20T01:28:54Z</time></trkpt>
<trkpt lat="36.5954797296194" lon="137.6159229969025"><ele>2858.2</ele><time>2016-08-20T01:29:32Z</time></trkpt>
<trkpt lat="36.5955567593096" lon="137.6158633177519"><ele>2855.4</ele><time>2016-08-20T01:29:46Z</time></trkpt>
<trkpt lat="36.5955193760214" lon="137.6158030518681"><ele>2853.3</ele><time>2016-08-20T01:29:55Z</time></trkpt>
<trkpt lat="36.5955383191226" lon="137.6157625672758"><ele>2851.5</ele><time>2016-08-20T01:30:00Z</time></trkpt>
<trkpt lat="36.5955687035216" lon="137.6157251839876"><ele>2851.0</ele><time>2016-08-20T01:30:05Z</time></trkpt>
<trkpt lat="36.5955499280585" lon="137.6156821848244"><ele>2849.9</ele><time>2016-08-20T01:30:10Z</time></trkpt>
<trkpt lat="36.5955190826548" lon="137.6155648381799"><ele>2847.6</ele><time>2016-08-20T01:30:25Z</time></trkpt>
<trkpt lat="36.5955253690822" lon="137.6155389380991"><ele>2847.0</ele><time>2016-08-20T01:30:28Z</time></trkpt>
<trkpt lat="36.5954973316161" lon="137.6154902392417"><ele>2846.1</ele><time>2016-08-20T01:30:35Z</time></trkpt>
<trkpt lat="36.5955203399403" lon="137.6154503413826"><ele>2845.8</ele><time>2016-08-20T01:30:41Z</time></trkpt>
<trkpt lat="36.5954885725273" lon="137.6154135448277"><ele>2844.6</ele><time>2016-08-20T01:30:46Z</time></trkpt>
<trkpt lat="36.5955071384428" lon="137.6153395326227"><ele>2844.1</ele><time>2016-08-20T01:30:54Z</time></trkpt>
<trkpt lat="36.5954926377503" lon="137.6152669453412"><ele>2842.4</ele><time>2016-08-20T01:31:06Z</time></trkpt>
<trkpt lat="36.5955200465737" lon="137.6151573938668"><ele>2838.5</ele><time>2016-08-20T01:31:24Z</time></trkpt>
<trkpt lat="36.5954806097193" lon="137.6151296497673"><ele>2837.7</ele><time>2016-08-20T01:31:30Z</time></trkpt>
<trkpt lat="36.5954923024742" lon="137.6150422265172"><ele>2835.2</ele><time>2016-08-20T01:31:45Z</time></trkpt>
<trkpt lat="36.5954530332578" lon="137.6149757580251"><ele>2834.2</ele><time>2016-08-20T01:31:52Z</time></trkpt>
<trkpt lat="36.5954775084151" lon="137.6148144063890"><ele>2835.3</ele><time>2016-08-20T01:32:08Z</time></trkpt>
<trkpt lat="36.5954550868241" lon="137.6145952196211"><ele>2838.6</ele><time>2016-08-20T01:32:38Z</time></trkpt>
<trkpt lat="36.5954134706749" lon="137.6144549065620"><ele>2838.9</ele><time>2016-08-20T01:32:57Z</time></trkpt>
<trkpt lat="36.5953262569724" lon="137.6143553295523"><ele>2841.5</ele><time>2016-08-20T01:33:11Z</time></trkpt>
<trkpt lat="36.5953288972719" lon="137.6143240650535"><ele>2842.5</ele><time>2016-08-20T01:33:23Z</time></trkpt>
<trkpt lat="36.5952745825393" lon="137.6142239013106"><ele>2837.0</ele><time>2016-08-20T01:33:52Z</time></trkpt>
<trkpt lat="36.5952958306638" lon="137.6140931436211"><ele>2833.6</ele><time>2016-08-20T01:34:13Z</time></trkpt>
<trkpt lat="36.5952719003303" lon="137.6140236576438"><ele>2832.6</ele><time>2016-08-20T01:34:37Z</time></trkpt>
<trkpt lat="36.5952906338839" lon="137.6139713545680"><ele>2832.0</ele><time>2016-08-20T01:34:43Z</time></trkpt>
<trkpt lat="36.5953918453647" lon="137.6138372441173"><ele>2828.1</ele><time>2016-08-20T01:35:30Z</time></trkpt>
<trkpt lat="36.5953872772274" lon="137.6137883776218"><ele>2827.7</ele><time>2016-08-20T01:35:42Z</time></trkpt>
<trkpt lat="36.5954490518538" lon="137.6137085819036"><ele>2824.7</ele><time>2016-08-20T01:36:08Z</time></trkpt>
<trkpt lat="36.5953777218578" lon="137.6135822666228"><ele>2821.8</ele><time>2016-08-20T01:37:28Z</time></trkpt>
<trkpt lat="36.5953743271870" lon="137.6135326457560"><ele>2819.6</ele><time>2016-08-20T01:37:36Z</time></trkpt>
<trkpt lat="36.5953389974652" lon="137.6135201567203"><ele>2818.6</ele><time>2016-08-20T01:37:42Z</time></trkpt>
<trkpt lat="36.5953296516431" lon="137.6134666801780"><ele>2817.2</ele><time>2016-08-20T01:37:48Z</time></trkpt>
<trkpt lat="36.5954105789183" lon="137.6133297198802"><ele>2810.3</ele><time>2016-08-20T01:38:26Z</time></trkpt>
<trkpt lat="36.5954159433363" lon="137.6132535283804"><ele>2808.0</ele><time>2016-08-20T01:38:40Z</time></trkpt>
<trkpt lat="36.5954655642031" lon="137.6131728106529"><ele>2806.2</ele><time>2016-08-20T01:39:16Z</time></trkpt>
<trkpt lat="36.5955102397470" lon="137.6131236088812"><ele>2804.4</ele><time>2016-08-20T01:39:38Z</time></trkpt>
<trkpt lat="36.5955516882582" lon="137.6129577310175"><ele>2803.0</ele><time>2016-08-20T01:40:14Z</time></trkpt>
<trkpt lat="36.5955917118458" lon="137.6128518675804"><ele>2801.9</ele><time>2016-08-20T01:40:23Z</time></trkpt>
<trkpt lat="36.5956338309092" lon="137.6128244587570"><ele>2800.2</ele><time>2016-08-20T01:40:29Z</time></trkpt>
<trkpt lat="36.5956108225850" lon="137.6127263066709"><ele>2796.6</ele><time>2016-08-20T01:40:43Z</time></trkpt>
<trkpt lat="36.5956472838638" lon="137.6126892586589"><ele>2795.8</ele><time>2016-08-20T01:41:02Z</time></trkpt>
<trkpt lat="36.5956782549960" lon="137.6125768573374"><ele>2794.1</ele><time>2016-08-20T01:41:12Z</time></trkpt>
<trkpt lat="36.5956739383159" lon="137.6124569961220"><ele>2792.0</ele><time>2016-08-20T01:41:21Z</time></trkpt>
<trkpt lat="36.5957363834945" lon="137.6122845803738"><ele>2790.2</ele><time>2016-08-20T01:41:36Z</time></trkpt>
<trkpt lat="36.5958053665576" lon="137.6120848396212"><ele>2789.3</ele><time>2016-08-20T01:41:58Z</time></trkpt>
<trkpt lat="36.5957980743019" lon="137.6119127591491"><ele>2788.3</ele><time>2016-08-20T01:42:13Z</time></trkpt>
<trkpt lat="36.5958427079363" lon="137.6118265931845"><ele>2788.0</ele><time>2016-08-20T01:42:22Z</time></trkpt>
<trkpt lat="36.5958902752368" lon="137.6116939076573"><ele>2787.8</ele><time>2016-08-20T01:42:36Z</time></trkpt>
<trkpt lat="36.5959023870869" lon="137.6113752276987"><ele>2791.4</ele><time>2016-08-20T01:43:05Z</time></trkpt>
<trkpt lat="36.5959419496698" lon="137.6111585555017"><ele>2793.3</ele><time>2016-08-20T01:43:32Z</time></trkpt>
<trkpt lat="36.5959139541132" lon="137.6111342479825"><ele>2792.3</ele><time>2016-08-20T01:43:43Z</time></trkpt>
<trkpt lat="36.5959274489773" lon="137.6108890773147"><ele>2793.6</ele><time>2016-08-20T01:44:03Z</time></trkpt>
<trkpt lat="36.5959333582191" lon="137.6108030789882"><ele>2792.3</ele><time>2016-08-20T01:44:17Z</time></trkpt>
<trkpt lat="36.5959674306555" lon="137.6107249596506"><ele>2787.3</ele><time>2016-08-20T01:44:38Z</time></trkpt>
<trkpt lat="36.5959380520849" lon="137.6106584911585"><ele>2785.9</ele><time>2016-08-20T01:44:49Z</time></trkpt>
<trkpt lat="36.5959380101753" lon="137.6106047631592"><ele>2785.3</ele><time>2016-08-20T01:44:55Z</time></trkpt>
<trkpt lat="36.5959030157296" lon="137.6105143224239"><ele>2783.1</ele><time>2016-08-20T01:45:07Z</time></trkpt>
<trkpt lat="36.5958753554491" lon="137.6104763524026"><ele>2782.5</ele><time>2016-08-20T01:45:13Z</time></trkpt>
<trkpt lat="36.5958827315239" lon="137.6104552300066"><ele>2782.1</ele><time>2016-08-20T01:45:16Z</time></trkpt>
<trkpt lat="36.5958549036054" lon="137.6104149130523"><ele>2781.8</ele><time>2016-08-20T01:45:21Z</time></trkpt>
<trkpt lat="36.5958610643042" lon="137.6103859116674"><ele>2781.4</ele><time>2016-08-20T01:45:24Z</time></trkpt>
<trkpt lat="36.5959302150054" lon="137.6103893482477"><ele>2779.9</ele><time>2016-08-20T01:45:34Z</time></trkpt>
<trkpt lat="36.5959086735142" lon="137.6103665494710"><ele>2778.5</ele><time>2016-08-20T01:45:45Z</time></trkpt>
<trkpt lat="36.5959120262755" lon="137.6102942136467"><ele>2776.9</ele><time>2016-08-20T01:45:55Z</time></trkpt>
<trkpt lat="36.5960039338438" lon="137.6104057767779"><ele>2775.0</ele><time>2016-08-20T01:46:10Z</time></trkpt>
<trkpt lat="36.5960632777182" lon="137.6103924495518"><ele>2772.5</ele><time>2016-08-20T01:46:22Z</time></trkpt>
<trkpt lat="36.5961833903907" lon="137.6104161703378"><ele>2770.4</ele><time>2016-08-20T01:46:37Z</time></trkpt>
<trkpt lat="36.5962303290484" lon="137.6104713232607"><ele>2769.4</ele><time>2016-08-20T01:46:43Z</time></trkpt>
<trkpt lat="36.5962863201616" lon="137.6104615164340"><ele>2764.8</ele><time>2016-08-20T01:46:58Z</time></trkpt>
<trkpt lat="36.5963681694461" lon="137.6102920343518"><ele>2766.9</ele><time>2016-08-20T01:47:15Z</time></trkpt>
<trkpt lat="36.5963630983947" lon="137.6102575847298"><ele>2767.6</ele><time>2016-08-20T01:47:18Z</time></trkpt>
<trkpt lat="36.5963775571777" lon="137.6102325228393"><ele>2768.4</ele><time>2016-08-20T01:47:21Z</time></trkpt>
<trkpt lat="36.5963554708628" lon="137.6102096402437"><ele>2764.9</ele><time>2016-08-20T01:48:47Z</time></trkpt>
<trkpt lat="36.5963390423326" lon="137.6102743485361"><ele>2766.8</ele><time>2016-08-20T01:49:17Z</time></trkpt>
<trkpt lat="36.5963720670311" lon="137.6103108098149"><ele>2767.6</ele><time>2016-08-20T01:49:21Z</time></trkpt>
<trkpt lat="36.5963734919546" lon="137.6103354526103"><ele>2766.4</ele><time>2016-08-20T01:49:24Z</time></trkpt>
<trkpt lat="36.5963394195182" lon="137.6103414875805"><ele>2765.0</ele><time>2016-08-20T01:49:30Z</time></trkpt>
<trkpt lat="36.5963212307883" lon="137.6103403141141"><ele>2764.6</ele><time>2016-08-20T01:49:32Z</time></trkpt>
<trkpt lat="36.5963067300959" lon="137.6102637035191"><ele>2763.8</ele><time>2016-08-20T01:49:52Z</time></trkpt>
<trkpt lat="36.5963737434117" lon="137.6102528070450"><ele>2764.4</ele><time>2016-08-20T01:49:59Z</time></trkpt>
<trkpt lat="36.5963568538768" lon="137.6102362108767"><ele>2764.9</ele><time>2016-08-20T01:50:10Z</time></trkpt>
<trkpt lat="36.5963522438301" lon="137.6102701575846"><ele>2765.2</ele><time>2016-08-20T02:04:35Z</time></trkpt>
<trkpt lat="36.5964379487900" lon="137.6103222092032"><ele>2766.0</ele><time>2016-08-20T02:04:41Z</time></trkpt>
<trkpt lat="36.5964375716044" lon="137.6103460976273"><ele>2765.7</ele><time>2016-08-20T02:04:44Z</time></trkpt>
<trkpt lat="36.5963545488534" lon="137.6103597601295"><ele>2765.8</ele><time>2016-08-20T02:04:50Z</time></trkpt>
<trkpt lat="36.5962917683987" lon="137.6103491989315"><ele>2765.8</ele><time>2016-08-20T02:04:56Z</time></trkpt>
<trkpt lat="36.5962879965423" lon="137.6103216224700"><ele>2766.6</ele><time>2016-08-20T02:05:18Z</time></trkpt>
<trkpt lat="36.5963063529102" lon="137.6103332733154"><ele>2764.9</ele><time>2016-08-20T02:05:30Z</time></trkpt>
<trkpt lat="36.5962863201616" lon="137.6103308425635"><ele>2762.9</ele><time>2016-08-20T02:06:40Z</time></trkpt>
<trkpt lat="36.5963198896838" lon="137.6103041042924"><ele>2763.9</ele><time>2016-08-20T02:07:39Z</time></trkpt>
<trkpt lat="36.5963915968655" lon="137.6103674714804"><ele>2763.9</ele><time>2016-08-20T02:07:53Z</time></trkpt>
<trkpt lat="36.5964493062688" lon="137.6103000809789"><ele>2762.1</ele><time>2016-08-20T02:09:21Z</time></trkpt>
<trkpt lat="36.5963876154615" lon="137.6101416630089"><ele>2760.5</ele><time>2016-08-20T02:09:33Z</time></trkpt>
<trkpt lat="36.5963494358925" lon="137.6100047865301"><ele>2760.4</ele><time>2016-08-20T02:09:58Z</time></trkpt>
<trkpt lat="36.5963119268758" lon="137.6099737734884"><ele>2759.7</ele><time>2016-08-20T02:10:03Z</time></trkpt>
<trkpt lat="36.5963200154124" lon="137.6099444368273"><ele>2759.3</ele><time>2016-08-20T02:10:06Z</time></trkpt>
<trkpt lat="36.5962798660962" lon="137.6099164412707"><ele>2757.5</ele><time>2016-08-20T02:10:19Z</time></trkpt>
<trkpt lat="36.5962198516695" lon="137.6099192072988"><ele>2757.0</ele><time>2016-08-20T02:10:26Z</time></trkpt>
<trkpt lat="36.5962019143967" lon="137.6098923013896"><ele>2756.7</ele><time>2016-08-20T02:10:32Z</time></trkpt>
<trkpt lat="36.5962033393202" lon="137.6098083985388"><ele>2755.3</ele><time>2016-08-20T02:10:41Z</time></trkpt>
<trkpt lat="36.5961817140101" lon="137.6098019444734"><ele>2755.1</ele><time>2016-08-20T02:10:44Z</time></trkpt>
<trkpt lat="36.5961745474828" lon="137.6097512339592"><ele>2754.1</ele><time>2016-08-20T02:10:53Z</time></trkpt>
<trkpt lat="36.5961525449870" lon="137.6097358950764"><ele>2753.3</ele><time>2016-08-20T02:10:59Z</time></trkpt>
<trkpt lat="36.5961867850615" lon="137.6096469630837"><ele>2748.9</ele><time>2016-08-20T02:11:34Z</time></trkpt>
<trkpt lat="36.5961722424595" lon="137.6096247510403"><ele>2747.4</ele><time>2016-08-20T02:11:45Z</time></trkpt>
<trkpt lat="36.5961845219476" lon="137.6096013655305"><ele>2746.5</ele><time>2016-08-20T02:11:51Z</time></trkpt>
<trkpt lat="36.5961681772364" lon="137.6095577796340"><ele>2745.2</ele><time>2016-08-20T02:11:58Z</time></trkpt>
<trkpt lat="36.5961340628905" lon="137.6095431951225"><ele>2742.5</ele><time>2016-08-20T02:12:12Z</time></trkpt>
<trkpt lat="36.5961207775740" lon="137.6094767266303"><ele>2739.9</ele><time>2016-08-20T02:12:40Z</time></trkpt>
<trkpt lat="36.5960958833216" lon="137.6094793250203"><ele>2738.5</ele><time>2016-08-20T02:14:11Z</time></trkpt>
<trkpt lat="36.5960892197086" lon="137.6094524191111"><ele>2738.0</ele><time>2016-08-20T02:14:15Z</time></trkpt>
<trkpt lat="36.5961054806007" lon="137.6094294526964"><ele>2736.9</ele><time>2016-08-20T02:14:18Z</time></trkpt>
<trkpt lat="36.5961015830157" lon="137.6094022953302"><ele>2736.3</ele><time>2016-08-20T02:14:22Z</time></trkpt>
<trkpt lat="36.5960409399463" lon="137.6094105095953"><ele>2734.8</ele><time>2016-08-20T02:14:30Z</time></trkpt>
<trkpt lat="36.5960013773633" lon="137.6094338951051"><ele>2734.2</ele><time>2016-08-20T02:14:36Z</time></trkpt>
<trkpt lat="36.5959837753667" lon="137.6094247588307"><ele>2733.4</ele><time>2016-08-20T02:14:39Z</time></trkpt>
<trkpt lat="36.5959663829176" lon="137.6093846933335"><ele>2733.1</ele><time>2016-08-20T02:14:50Z</time></trkpt>
<trkpt lat="36.5959105594425" lon="137.6093982720166"><ele>2730.4</ele><time>2016-08-20T02:15:00Z</time></trkpt>
<trkpt lat="36.5959349926902" lon="137.6093302109629"><ele>2727.2</ele><time>2016-08-20T02:15:20Z</time></trkpt>
<trkpt lat="36.5958849946378" lon="137.6092749742210"><ele>2721.6</ele><time>2016-08-20T02:16:37Z</time></trkpt>
<trkpt lat="36.5958400257273" lon="137.6092703641743"><ele>2721.2</ele><time>2016-08-20T02:16:42Z</time></trkpt>
<trkpt lat="36.5957909077747" lon="137.6092029736728"><ele>2716.4</ele><time>2016-08-20T02:17:15Z</time></trkpt>
<trkpt lat="36.5957399458034" lon="137.6092020516634"><ele>2715.1</ele><time>2016-08-20T02:17:22Z</time></trkpt>
<trkpt lat="36.5957321087239" lon="137.6091744752020"><ele>2713.4</ele><time>2016-08-20T02:17:29Z</time></trkpt>
<trkpt lat="36.5956663946031" lon="137.6091277041823"><ele>2711.2</ele><time>2016-08-20T02:17:46Z</time></trkpt>
<trkpt lat="36.5956099843947" lon="137.6091256925255"><ele>2706.9</ele><time>2016-08-20T02:18:07Z</time></trkpt>
<trkpt lat="36.5955398697747" lon="137.6090279595345"><ele>2704.4</ele><time>2016-08-20T02:18:46Z</time></trkpt>
<trkpt lat="36.5955220163209" lon="137.6089778357536"><ele>2701.5</ele><time>2016-08-20T02:19:00Z</time></trkpt>
<trkpt lat="36.5953457448972" lon="137.6088705473930"><ele>2690.3</ele><time>2016-08-20T02:20:04Z</time></trkpt>
<trkpt lat="36.5953129716558" lon="137.6088313200861"><ele>2688.7</ele><time>2016-08-20T02:20:26Z</time></trkpt>
<trkpt lat="36.5953397518365" lon="137.6087801066577"><ele>2687.2</ele><time>2016-08-20T02:20:32Z</time></trkpt>
<trkpt lat="36.5952827968044" lon="137.6087131352514"><ele>2685.3</ele><time>2016-08-20T02:20:43Z</time></trkpt>
<trkpt lat="36.5952817909760" lon="137.6086905041128"><ele>2683.4</ele><time>2016-08-20T02:20:53Z</time></trkpt>
<trkpt lat="36.5952998120679" lon="137.6086867322564"><ele>2682.9</ele><time>2016-08-20T02:20:55Z</time></trkpt>
<trkpt lat="36.5952913463456" lon="137.6086613350898"><ele>2680.8</ele><time>2016-08-20T02:21:08Z</time></trkpt>
<trkpt lat="36.5952732414348" lon="137.6086658613175"><ele>2678.7</ele><time>2016-08-20T02:21:29Z</time></trkpt>
<trkpt lat="36.5952208126305" lon="137.6086224430591"><ele>2675.3</ele><time>2016-08-20T02:22:09Z</time></trkpt>
<trkpt lat="36.5952265542341" lon="137.6085629315466"><ele>2674.0</ele><time>2016-08-20T02:23:02Z</time></trkpt>
<trkpt lat="36.5952724451540" lon="137.6085943636835"><ele>2672.8</ele><time>2016-08-20T02:23:15Z</time></trkpt>
<trkpt lat="36.5952768875627" lon="137.6085681283265"><ele>2671.6</ele><time>2016-08-20T02:23:22Z</time></trkpt>
<trkpt lat="36.5951786097480" lon="137.6084790286958"><ele>2659.6</ele><time>2016-08-20T02:23:56Z</time></trkpt>
<trkpt lat="36.5951927751643" lon="137.6084228699446"><ele>2656.2</ele><time>2016-08-20T02:24:10Z</time></trkpt>
<trkpt lat="36.5952717746017" lon="137.6083981433302"><ele>2654.3</ele><time>2016-08-20T02:24:32Z</time></trkpt>
<trkpt lat="36.5952395042745" lon="137.6083952096641"><ele>2651.4</ele><time>2016-08-20T02:24:50Z</time></trkpt>
<trkpt lat="36.5951400529934" lon="137.6082697325736"><ele>2641.6</ele><time>2016-08-20T02:26:33Z</time></trkpt>
<trkpt lat="36.5951336827470" lon="137.6082148311079"><ele>2639.9</ele><time>2016-08-20T02:26:41Z</time></trkpt>
<trkpt lat="36.5950361593036" lon="137.6080595144421"><ele>2629.9</ele><time>2016-08-20T02:27:58Z</time></trkpt>
<trkpt lat="36.5949947946114" lon="137.6079627034605"><ele>2625.4</ele><time>2016-08-20T02:28:13Z</time></trkpt>
<trkpt lat="36.5949677629737" lon="137.6079079696327"><ele>2624.8</ele><time>2016-08-20T02:28:24Z</time></trkpt>
<trkpt lat="36.5949441679163" lon="137.6079140884221"><ele>2623.8</ele><time>2016-08-20T02:28:26Z</time></trkpt>
<trkpt lat="36.5949189802973" lon="137.6078737714678"><ele>2622.7</ele><time>2016-08-20T02:28:33Z</time></trkpt>
<trkpt lat="36.5949144540695" lon="137.6078106557369"><ele>2622.1</ele><time>2016-08-20T02:28:43Z</time></trkpt>
<trkpt lat="36.5948947985066" lon="137.6078017709196"><ele>2621.5</ele><time>2016-08-20T02:28:46Z</time></trkpt>
<trkpt lat="36.5948769450528" lon="137.6077180357069"><ele>2619.8</ele><time>2016-08-20T02:29:03Z</time></trkpt>
<trkpt lat="36.5948278271003" lon="137.6076419280261"><ele>2616.6</ele><time>2016-08-20T02:29:26Z</time></trkpt>
<trkpt lat="36.5947777033193" lon="137.6076073107660"><ele>2615.9</ele><time>2016-08-20T02:29:34Z</time></trkpt>
<trkpt lat="36.5947509650482" lon="137.6075109188795"><ele>2615.6</ele><time>2016-08-20T02:30:01Z</time></trkpt>
<trkpt lat="36.5947209159253" lon="137.6074729488581"><ele>2613.7</ele><time>2016-08-20T02:30:12Z</time></trkpt>
<trkpt lat="36.5946664754642" lon="137.6074944903493"><ele>2612.4</ele><time>2016-08-20T02:30:21Z</time></trkpt>
<trkpt lat="36.5946065448565" lon="137.6074341406465"><ele>2610.1</ele><time>2016-08-20T02:30:33Z</time></trkpt>
<trkpt lat="36.5945598995654" lon="137.6074803249329"><ele>2608.1</ele><time>2016-08-20T02:30:47Z</time></trkpt>
<trkpt lat="36.5945140505550" lon="137.6073778142571"><ele>2606.8</ele><time>2016-08-20T02:31:00Z</time></trkpt>
<trkpt lat="36.5945199178873" lon="137.6073301212281"><ele>2605.4</ele><time>2016-08-20T02:31:09Z</time></trkpt>
<trkpt lat="36.5944826184181" lon="137.6073458792061"><ele>2605.9</ele><time>2016-08-20T02:31:16Z</time></trkpt>
<trkpt lat="36.5944552515043" lon="137.6073882078171"><ele>2603.7</ele><time>2016-08-20T02:31:25Z</time></trkpt>
<trkpt lat="36.5944556286899" lon="137.6074127667934"><ele>2601.5</ele><time>2016-08-20T02:31:32Z</time></trkpt>
<trkpt lat="36.5944316145373" lon="137.6074125991553"><ele>2600.6</ele><time>2016-08-20T02:31:35Z</time></trkpt>
<trkpt lat="36.5943623800171" lon="137.6072423627019"><ele>2595.4</ele><time>2016-08-20T02:32:18Z</time></trkpt>
<trkpt lat="36.5943659842355" lon="137.6072155406117"><ele>2594.6</ele><time>2016-08-20T02:32:22Z</time></trkpt>
<trkpt lat="36.5943319537086" lon="137.6072590426892"><ele>2590.4</ele><time>2016-08-20T02:32:45Z</time></trkpt>
<trkpt lat="36.5943094482986" lon="137.6072617248982"><ele>2589.0</ele><time>2016-08-20T02:32:54Z</time></trkpt>
<trkpt lat="36.5942978812722" lon="137.6072427817971"><ele>2588.1</ele><time>2016-08-20T02:32:57Z</time></trkpt>
<trkpt lat="36.5942765074192" lon="137.6072482300341"><ele>2587.1</ele><time>2016-08-20T02:33:01Z</time></trkpt>
<trkpt lat="36.5942405909641" lon="137.6071873774171"><ele>2585.3</ele><time>2016-08-20T02:33:12Z</time></trkpt>
<trkpt lat="36.5942314546896" lon="137.6071388461977"><ele>2584.2</ele><time>2016-08-20T02:33:21Z</time></trkpt>
<trkpt lat="36.5941898804499" lon="137.6071566158325"><ele>2581.8</ele><time>2016-08-20T02:33:35Z</time></trkpt>
<trkpt lat="36.5941473422913" lon="137.6070992836148"><ele>2581.1</ele><time>2016-08-20T02:33:41Z</time></trkpt>
<trkpt lat="36.5941299079327" lon="137.6069842000842"><ele>2577.8</ele><time>2016-08-20T02:33:56Z</time></trkpt>
<trkpt lat="36.5941078216178" lon="137.6069287118852"><ele>2576.7</ele><time>2016-08-20T02:34:02Z</time></trkpt>
<trkpt lat="36.5941298241137" lon="137.6069693641156"><ele>2573.7</ele><time>2016-08-20T02:34:14Z</time></trkpt>
<trkpt lat="36.5940707736058" lon="137.6070169733256"><ele>2571.8</ele><time>2016-08-20T02:34:23Z</time></trkpt>
<trkpt lat="36.5940542612566" lon="137.6070566197276"><ele>2569.1</ele><time>2016-08-20T02:34:40Z</time></trkpt>
<trkpt lat="36.5938351163981" lon="137.6072722022772"><ele>2564.6</ele><time>2016-08-20T02:35:11Z</time></trkpt>
<trkpt lat="36.5937357070265" lon="137.6073678397924"><ele>2562.2</ele><time>2016-08-20T02:35:32Z</time></trkpt>
<trkpt lat="36.5936593059791" lon="137.6074071509182"><ele>2560.1</ele><time>2016-08-20T02:35:51Z</time></trkpt>
<trkpt lat="36.5934068011461" lon="137.6075659879833"><ele>2553.7</ele><time>2016-08-20T02:36:31Z</time></trkpt>
<trkpt lat="36.5933459485290" lon="137.6075773035526"><ele>2552.9</ele><time>2016-08-20T02:36:40Z</time></trkpt>
<trkpt lat="36.5933313221080" lon="137.6075582766324"><ele>2552.9</ele><time>2016-08-20T02:36:43Z</time></trkpt>
<trkpt lat="36.5932647278873" lon="137.6076057182044"><ele>2549.8</ele><time>2016-08-20T02:37:00Z</time></trkpt>
<trkpt lat="36.5932635125114" lon="137.6076398325503"><ele>2548.9</ele><time>2016-08-20T02:37:06Z</time></trkpt>
<trkpt lat="36.5931966249240" lon="137.6076867712081"><ele>2546.5</ele><time>2016-08-20T02:37:30Z</time></trkpt>
<trkpt lat="36.5930952458052" lon="137.6076972485870"><ele>2545.0</ele><time>2016-08-20T02:37:46Z</time></trkpt>
<trkpt lat="36.5930382069541" lon="137.6077265852481"><ele>2543.9</ele><time>2016-08-20T02:38:00Z</time></trkpt>
<trkpt lat="36.5929815033791" lon="137.6077510604054"><ele>2542.6</ele><time>2016-08-20T02:38:11Z</time></trkpt>
<trkpt lat="36.5929128975017" lon="137.6078223065823"><ele>2539.7</ele><time>2016-08-20T02:38:27Z</time></trkpt>
<trkpt lat="36.5928943734957" lon="137.6078203787446"><ele>2539.8</ele><time>2016-08-20T02:38:29Z</time></trkpt>
<trkpt lat="36.5929205250336" lon="137.6077176166117"><ele>2538.4</ele><time>2016-08-20T02:38:41Z</time></trkpt>
<trkpt lat="36.5928960498763" lon="137.6076838375419"><ele>2536.3</ele><time>2016-08-20T02:38:53Z</time></trkpt>
<trkpt lat="36.5928935353054" lon="137.6076350548655"><ele>2534.3</ele><time>2016-08-20T02:39:00Z</time></trkpt>
<trkpt lat="36.5928698564289" lon="137.6075809915900"><ele>2532.5</ele><time>2016-08-20T02:39:07Z</time></trkpt>
<trkpt lat="36.5928859496830" lon="137.6074742061436"><ele>2529.1</ele><time>2016-08-20T02:39:22Z</time></trkpt>
<trkpt lat="36.5928939963100" lon="137.6074106713176"><ele>2527.1</ele><time>2016-08-20T02:39:34Z</time></trkpt>
<trkpt lat="36.5929252188994" lon="137.6073756349623"><ele>2525.4</ele><time>2016-08-20T02:39:46Z</time></trkpt>
<trkpt lat="36.5929275658322" lon="137.6072631498218"><ele>2522.8</ele><time>2016-08-20T02:40:00Z</time></trkpt>
<trkpt lat="36.5928920265628" lon="137.6072391775787"><ele>2521.5</ele><time>2016-08-20T02:40:09Z</time></trkpt>
<trkpt lat="36.5928510390563" lon="137.6072497387767"><ele>2520.8</ele><time>2016-08-20T02:40:16Z</time></trkpt>
<trkpt lat="36.5928535536272" lon="137.6072258503526"><ele>2520.9</ele><time>2016-08-20T02:40:26Z</time></trkpt>
<trkpt lat="36.5927823912693" lon="137.6072602161557"><ele>2519.7</ele><time>2016-08-20T02:40:37Z</time></trkpt>
<trkpt lat="36.5927644539965" lon="137.6072428656161"><ele>2519.4</ele><time>2016-08-20T02:40:40Z</time></trkpt>
<trkpt lat="36.5926793357698" lon="137.6073368267506"><ele>2514.6</ele><time>2016-08-20T02:41:09Z</time></trkpt>
<trkpt lat="36.5926382644443" lon="137.6073616371840"><ele>2513.2</ele><time>2016-08-20T02:41:18Z</time></trkpt>
<trkpt lat="36.5925584687261" lon="137.6073528361857"><ele>2511.6</ele><time>2016-08-20T02:41:27Z</time></trkpt>
<trkpt lat="36.5925968578426" lon="137.6072823443800"><ele>2508.9</ele><time>2016-08-20T02:41:39Z</time></trkpt>
<trkpt lat="36.5925953491000" lon="137.6071784087807"><ele>2505.1</ele><time>2016-08-20T02:41:55Z</time></trkpt>
<trkpt lat="36.5926095145164" lon="137.6071594656795"><ele>2504.4</ele><time>2016-08-20T02:42:00Z</time></trkpt>
<trkpt lat="36.5926238056613" lon="137.6070807596087"><ele>2501.1</ele><time>2016-08-20T02:42:23Z</time></trkpt>
<trkpt lat="36.5926730493424" lon="137.6069339924842"><ele>2498.1</ele><time>2016-08-20T02:42:42Z</time></trkpt>
<trkpt lat="36.5926563274456" lon="137.6068292186946"><ele>2496.7</ele><time>2016-08-20T02:42:52Z</time></trkpt>
<trkpt lat="36.5926762763752" lon="137.6067600679934"><ele>2496.1</ele><time>2016-08-20T02:43:01Z</time></trkpt>
<trkpt lat="36.5927225444807" lon="137.6067227685243"><ele>2494.2</ele><time>2016-08-20T02:43:12Z</time></trkpt>
<trkpt lat="36.5927330637691" lon="137.6066003089190"><ele>2491.0</ele><time>2016-08-20T02:43:35Z</time></trkpt>
<trkpt lat="36.5927405236630" lon="137.6065493469477"><ele>2489.8</ele><time>2016-08-20T02:43:43Z</time></trkpt>
<trkpt lat="36.5927483188329" lon="137.6065274701804"><ele>2489.6</ele><time>2016-08-20T02:43:46Z</time></trkpt>
<trkpt lat="36.5927295852793" lon="137.6065367740929"><ele>2489.4</ele><time>2016-08-20T02:48:40Z</time></trkpt>
<trkpt lat="36.5926636616109" lon="137.6064752509236"><ele>2487.6</ele><time>2016-08-20T02:48:54Z</time></trkpt>
<trkpt lat="36.5926582133738" lon="137.6064214391053"><ele>2486.4</ele><time>2016-08-20T02:49:05Z</time></trkpt>
<trkpt lat="36.5926437965004" lon="137.6064439864248"><ele>2482.2</ele><time>2016-08-20T02:49:49Z</time></trkpt>
<trkpt lat="36.5925597679211" lon="137.6064059325844"><ele>2480.3</ele><time>2016-08-20T02:50:02Z</time></trkpt>
<trkpt lat="36.5925330296500" lon="137.6063405537397"><ele>2479.7</ele><time>2016-08-20T02:50:17Z</time></trkpt>
<trkpt lat="36.5924935927955" lon="137.6063223650098"><ele>2479.1</ele><time>2016-08-20T02:50:21Z</time></trkpt>
<trkpt lat="36.5925009688703" lon="137.6062688884676"><ele>2478.3</ele><time>2016-08-20T02:50:28Z</time></trkpt>
<trkpt lat="36.5924736019565" lon="137.6063003206044"><ele>2474.1</ele><time>2016-08-20T02:50:52Z</time></trkpt>
<trkpt lat="36.5924434271051" lon="137.6062254702091"><ele>2472.6</ele><time>2016-08-20T02:51:02Z</time></trkpt>
<trkpt lat="36.5924241906373" lon="137.6061843988836"><ele>2471.3</ele><time>2016-08-20T02:51:07Z</time></trkpt>
<trkpt lat="36.5923819458453" lon="137.6061621868402"><ele>2470.6</ele><time>2016-08-20T02:51:11Z</time></trkpt>
<trkpt lat="36.5923710074617" lon="137.6061123145163"><ele>2469.7</ele><time>2016-08-20T02:51:15Z</time></trkpt>
<trkpt lat="36.5923485439612" lon="137.6060991549283"><ele>2468.5</ele><time>2016-08-20T02:51:23Z</time></trkpt>
<trkpt lat="36.5923274215652" lon="137.6061425731868"><ele>2467.6</ele><time>2016-08-20T02:51:29Z</time></trkpt>
<trkpt lat="36.5922915889291" lon="137.6061197744101"><ele>2466.2</ele><time>2016-08-20T02:51:40Z</time></trkpt>
<trkpt lat="36.5922905831007" lon="137.6060938743293"><ele>2466.0</ele><time>2016-08-20T02:51:42Z</time></trkpt>
<trkpt lat="36.5922537865458" lon="137.6060763561517"><ele>2464.5</ele><time>2016-08-20T02:51:50Z</time></trkpt>
<trkpt lat="36.5922439797191" lon="137.6059958060622"><ele>2462.6</ele><time>2016-08-20T02:52:02Z</time></trkpt>
<trkpt lat="36.5922007290987" lon="137.6059907769203"><ele>2460.8</ele><time>2016-08-20T02:52:11Z</time></trkpt>
<trkpt lat="36.5921972086994" lon="137.6060258970946"><ele>2458.2</ele><time>2016-08-20T02:52:26Z</time></trkpt>
<trkpt lat="36.5921534970743" lon="137.6060393919587"><ele>2457.2</ele><time>2016-08-20T02:52:33Z</time></trkpt>
<trkpt lat="36.5921126352964" lon="137.6059558243841"><ele>2454.5</ele><time>2016-08-20T02:52:48Z</time></trkpt>
<trkpt lat="36.5920540038837" lon="137.6058812254459"><ele>2452.7</ele><time>2016-08-20T02:52:59Z</time></trkpt>
<trkpt lat="36.5920184646143" lon="137.6058887691587"><ele>2451.5</ele><time>2016-08-20T02:53:05Z</time></trkpt>
<trkpt lat="36.5920143574817" lon="137.6058637072682"><ele>2450.9</ele><time>2016-08-20T02:53:09Z</time></trkpt>
<trkpt lat="36.5920092026113" lon="137.6059328579694"><ele>2448.2</ele><time>2016-08-20T02:53:22Z</time></trkpt>
<trkpt lat="36.5919815004213" lon="137.6058946364909"><ele>2447.3</ele><time>2016-08-20T02:53:27Z</time></trkpt>
<trkpt lat="36.5919803688643" lon="137.6058417466819"><ele>2446.2</ele><time>2016-08-20T02:53:32Z</time></trkpt>
<trkpt lat="36.5919466317041" lon="137.6058198699147"><ele>2445.0</ele><time>2016-08-20T02:53:38Z</time></trkpt>
<trkpt lat="36.5919225337325" lon="137.6057830733597"><ele>2442.7</ele><time>2016-08-20T02:53:51Z</time></trkpt>
<trkpt lat="36.5918725356800" lon="137.6057682373911"><ele>2441.0</ele><time>2016-08-20T02:53:56Z</time></trkpt>
<trkpt lat="36.5918351104824" lon="137.6056836639881"><ele>2438.3</ele><time>2016-08-20T02:54:06Z</time></trkpt>
<trkpt lat="36.5918129822580" lon="137.6056145132870"><ele>2436.7</ele><time>2016-08-20T02:54:15Z</time></trkpt>
<trkpt lat="36.5917798737405" lon="137.6056389884442"><ele>2435.3</ele><time>2016-08-20T02:54:23Z</time></trkpt>
<trkpt lat="36.5917897643862" lon="137.6057875157684"><ele>2433.3</ele><time>2016-08-20T02:54:36Z</time></trkpt>
<trkpt lat="36.5917276544837" lon="137.6057810617030"><ele>2430.5</ele><time>2016-08-20T02:54:48Z</time></trkpt>
<trkpt lat="36.5916859126059" lon="137.6056513098419"><ele>2425.9</ele><time>2016-08-20T02:55:13Z</time></trkpt>
<trkpt lat="36.5916222939609" lon="137.6055915468723"><ele>2424.4</ele><time>2016-08-20T02:55:23Z</time></trkpt>
<trkpt lat="36.5916434582664" lon="137.6055829135120"><ele>2421.3</ele><time>2016-08-20T02:55:42Z</time></trkpt>
<trkpt lat="36.5916383033959" lon="137.6055276767701"><ele>2420.1</ele><time>2016-08-20T02:55:48Z</time></trkpt>
<trkpt lat="36.5915924962951" lon="137.6054867730826"><ele>2418.6</ele><time>2016-08-20T02:55:58Z</time></trkpt>
<trkpt lat="36.5915053664116" lon="137.6054955740809"><ele>2414.2</ele><time>2016-08-20T02:56:24Z</time></trkpt>
<trkpt lat="36.5914649656383" lon="137.6054116712302"><ele>2412.0</ele><time>2016-08-20T02:56:39Z</time></trkpt>
<trkpt lat="36.5913866367532" lon="137.6053286065698"><ele>2409.8</ele><time>2016-08-20T02:56:51Z</time></trkpt>
<trkpt lat="36.5913626645101" lon="137.6052520797938"><ele>2407.7</ele><time>2016-08-20T02:57:00Z</time></trkpt>
<trkpt lat="36.5913456073372" lon="137.6052375791013"><ele>2406.9</ele><time>2016-08-20T02:57:03Z</time></trkpt>
<trkpt lat="36.5913456073372" lon="137.6052106731921"><ele>2404.4</ele><time>2016-08-20T02:57:16Z</time></trkpt>
<trkpt lat="36.5912952320991" lon="137.6052204800189"><ele>2401.8</ele><time>2016-08-20T02:57:40Z</time></trkpt>
<trkpt lat="36.5912447311325" lon="137.6051400137484"><ele>2399.9</ele><time>2016-08-20T02:57:53Z</time></trkpt>
<trkpt lat="36.5912210522560" lon="137.6051353198826"><ele>2399.6</ele><time>2016-08-20T02:57:56Z</time></trkpt>
<trkpt lat="36.5911996364934" lon="137.6050951705664"><ele>2397.6</ele><time>2016-08-20T02:58:05Z</time></trkpt>
<trkpt lat="36.5911523206500" lon="137.6050592960209"><ele>2395.9</ele><time>2016-08-20T02:58:14Z</time></trkpt>
<trkpt lat="36.5911243670029" lon="137.6050010417938"><ele>2393.9</ele><time>2016-08-20T02:58:26Z</time></trkpt>
<trkpt lat="36.5910457028417" lon="137.6049634908676"><ele>2391.8</ele><time>2016-08-20T02:58:36Z</time></trkpt>
<trkpt lat="36.5909969201652" lon="137.6049501636416"><ele>2391.5</ele><time>2016-08-20T02:58:40Z</time></trkpt>
<trkpt lat="36.5910185035659" lon="137.6048557834119"><ele>2389.8</ele><time>2016-08-20T02:58:52Z</time></trkpt>
<trkpt lat="36.5909951180560" lon="137.6047388558626"><ele>2385.5</ele><time>2016-08-20T02:59:16Z</time></trkpt>
<trkpt lat="36.5910257958217" lon="137.6047055797070"><ele>2381.6</ele><time>2016-08-20T02:59:36Z</time></trkpt>
<trkpt lat="36.5910285618497" lon="137.6046303102165"><ele>2379.9</ele><time>2016-08-20T02:59:47Z</time></trkpt>
<trkpt lat="36.5911266301168" lon="137.6045925078332"><ele>2375.3</ele><time>2016-08-20T03:00:10Z</time></trkpt>
<trkpt lat="36.5911151469095" lon="137.6045474970132"><ele>2373.8</ele><time>2016-08-20T03:00:20Z</time></trkpt>
<trkpt lat="36.5910664899615" lon="137.6045126282960"><ele>2371.2</ele><time>2016-08-20T03:00:31Z</time></trkpt>
<trkpt lat="36.5910012787549" lon="137.6043841337204"><ele>2364.7</ele><time>2016-08-20T03:00:58Z</time></trkpt>
<trkpt lat="36.5909092873676" lon="137.6042994764984"><ele>2360.4</ele><time>2016-08-20T03:01:22Z</time></trkpt>
<trkpt lat="36.5908895479856" lon="137.6042030846119"><ele>2358.7</ele><time>2016-08-20T03:01:37Z</time></trkpt>
<trkpt lat="36.5908767236737" lon="137.6041782741785"><ele>2358.3</ele><time>2016-08-20T03:01:41Z</time></trkpt>
<trkpt lat="36.5908539668066" lon="137.6041741670460"><ele>2357.9</ele><time>2016-08-20T03:01:44Z</time></trkpt>
<trkpt lat="36.5908657014711" lon="137.6041460876703"><ele>2356.8</ele><time>2016-08-20T03:01:54Z</time></trkpt>
<trkpt lat="36.5908437827943" lon="137.6040763502359"><ele>2354.3</ele><time>2016-08-20T03:02:13Z</time></trkpt>
<trkpt lat="36.5908853570340" lon="137.6040569880396"><ele>2352.1</ele><time>2016-08-20T03:02:23Z</time></trkpt>
<trkpt lat="36.5908276476307" lon="137.6039429103375"><ele>2348.3</ele><time>2016-08-20T03:02:46Z</time></trkpt>
<trkpt lat="36.5907808766110" lon="137.6038770285785"><ele>2346.0</ele><time>2016-08-20T03:03:02Z</time></trkpt>
<trkpt lat="36.5907382546334" lon="137.6037182753325"><ele>2341.8</ele><time>2016-08-20T03:03:29Z</time></trkpt>
<trkpt lat="36.5906946268273" lon="137.6036938839942"><ele>2338.2</ele><time>2016-08-20T03:03:48Z</time></trkpt>
<trkpt lat="36.5906693972988" lon="137.6036510524690"><ele>2336.9</ele><time>2016-08-20T03:03:55Z</time></trkpt>
<trkpt lat="36.5906811738728" lon="137.6036009286881"><ele>2332.7</ele><time>2016-08-20T03:04:13Z</time></trkpt>
<trkpt lat="36.5906044794587" lon="137.6034109947622"><ele>2329.3</ele><time>2016-08-20T03:04:32Z</time></trkpt>
<trkpt lat="36.5905763162641" lon="137.6033665706754"><ele>2328.6</ele><time>2016-08-20T03:04:38Z</time></trkpt>
<trkpt lat="36.5905359574003" lon="137.6033428498894"><ele>2328.0</ele><time>2016-08-20T03:04:44Z</time></trkpt>
<trkpt lat="36.5905199898748" lon="137.6033061371535"><ele>2327.6</ele><time>2016-08-20T03:05:00Z</time></trkpt>
<trkpt lat="36.5904812654821" lon="137.6033186261892"><ele>2327.3</ele><time>2016-08-20T03:05:05Z</time></trkpt>
<trkpt lat="36.5904251905499" lon="137.6032757108450"><ele>2326.5</ele><time>2016-08-20T03:05:12Z</time></trkpt>
<trkpt lat="36.5904230531646" lon="137.6032011119068"><ele>2325.4</ele><time>2016-08-20T03:05:25Z</time></trkpt>
<trkpt lat="36.5903570037676" lon="137.6031110902667"><ele>2324.8</ele><time>2016-08-20T03:05:37Z</time></trkpt>
<trkpt lat="36.5903255716307" lon="137.6030772273779"><ele>2324.0</ele><time>2016-08-20T03:05:43Z</time></trkpt>
<trkpt lat="36.5903240628881" lon="137.6030493994594"><ele>2322.7</ele><time>2016-08-20T03:05:48Z</time></trkpt>
<trkpt lat="36.5902705863459" lon="137.6029761416256"><ele>2319.6</ele><time>2016-08-20T03:06:05Z</time></trkpt>
<trkpt lat="36.5902270004494" lon="137.6029224136263"><ele>2318.3</ele><time>2016-08-20T03:06:13Z</time></trkpt>
<trkpt lat="36.5901484201072" lon="137.6028376725853"><ele>2315.3</ele><time>2016-08-20T03:06:35Z</time></trkpt>
<trkpt lat="36.5900283493442" lon="137.6027578768671"><ele>2311.9</ele><time>2016-08-20T03:06:54Z</time></trkpt>
<trkpt lat="36.5899962047456" lon="137.6027178113699"><ele>2310.4</ele><time>2016-08-20T03:07:03Z</time></trkpt>
<trkpt lat="36.5899542952297" lon="137.6026961860597"><ele>2308.9</ele><time>2016-08-20T03:07:12Z</time></trkpt>
<trkpt lat="36.5898590768097" lon="137.6026257780731"><ele>2307.8</ele><time>2016-08-20T03:07:23Z</time></trkpt>
<trkpt lat="36.5898345597429" lon="137.6026134566754"><ele>2307.7</ele><time>2016-08-20T03:07:25Z</time></trkpt>
<trkpt lat="36.5898066899149" lon="137.6025753190160"><ele>2307.2</ele><time>2016-08-20T03:07:35Z</time></trkpt>
<trkpt lat="36.5895192744551" lon="137.6024644264370"><ele>2300.7</ele><time>2016-08-20T03:08:24Z</time></trkpt>
<trkpt lat="36.5892561665146" lon="137.6023223531783"><ele>2294.7</ele><time>2016-08-20T03:09:23Z</time></trkpt>
<trkpt lat="36.5891723893924" lon="137.6022746601492"><ele>2292.6</ele><time>2016-08-20T03:09:33Z</time></trkpt>
<trkpt lat="36.5891049569813" lon="137.6022498497158"><ele>2291.6</ele><time>2016-08-20T03:09:41Z</time></trkpt>
<trkpt lat="36.5890190424738" lon="137.6021655277699"><ele>2289.7</ele><time>2016-08-20T03:09:54Z</time></trkpt>
<trkpt lat="36.5889817849142" lon="137.6021567267716"><ele>2288.8</ele><time>2016-08-20T03:10:00Z</time></trkpt>
<trkpt lat="36.5889366064561" lon="137.6020998974681"><ele>2287.6</ele><time>2016-08-20T03:10:09Z</time></trkpt>
<trkpt lat="36.5889148973269" lon="137.6021104586661"><ele>2287.0</ele><time>2016-08-20T03:10:13Z</time></trkpt>
<trkpt lat="36.5888746222822" lon="137.6020602510661"><ele>2285.3</ele><time>2016-08-20T03:10:24Z</time></trkpt>
<trkpt lat="36.5888148174031" lon="137.6020238736063"><ele>2281.6</ele><time>2016-08-20T03:10:44Z</time></trkpt>
<trkpt lat="36.5888484288348" lon="137.6019867417753"><ele>2280.2</ele><time>2016-08-20T03:10:50Z</time></trkpt>
<trkpt lat="36.5889021987436" lon="137.6019646135509"><ele>2278.9</ele><time>2016-08-20T03:10:56Z</time></trkpt>
<trkpt lat="36.5889176214455" lon="137.6019510348678"><ele>2278.6</ele><time>2016-08-20T03:10:58Z</time></trkpt>
<trkpt lat="36.5888969600541" lon="137.6019010787249"><ele>2276.0</ele><time>2016-08-20T03:11:12Z</time></trkpt>
<trkpt lat="36.5888032503767" lon="137.6018472669065"><ele>2273.8</ele><time>2016-08-20T03:11:41Z</time></trkpt>
<trkpt lat="36.5887607541276" lon="137.6018168405980"><ele>2271.2</ele><time>2016-08-20T03:15:57Z</time></trkpt>
<trkpt lat="36.5887421463026" lon="137.6018151642174"><ele>2269.3</ele><time>2016-08-20T03:16:04Z</time></trkpt>
<trkpt lat="36.5887390869079" lon="137.6017684770167"><ele>2266.1</ele><time>2016-08-20T03:16:18Z</time></trkpt>
<trkpt lat="36.5886455448685" lon="137.6017783676624"><ele>2262.2</ele><time>2016-08-20T03:16:38Z</time></trkpt>
<trkpt lat="36.5885017533196" lon="137.6019562316477"><ele>2262.7</ele><time>2016-08-20T03:16:57Z</time></trkpt>
<trkpt lat="36.5884427447213" lon="137.6020085347235"><ele>2262.4</ele><time>2016-08-20T03:17:03Z</time></trkpt>
<trkpt lat="36.5883971471680" lon="137.6020754223108"><ele>2263.3</ele><time>2016-08-20T03:17:12Z</time></trkpt>
<trkpt lat="36.5881799720568" lon="137.6022245363683"><ele>2264.4</ele><time>2016-08-20T03:17:33Z</time></trkpt>
<trkpt lat="36.5881148027597" lon="137.6023059246480"><ele>2264.8</ele><time>2016-08-20T03:17:44Z</time></trkpt>
<trkpt lat="36.5879045427186" lon="137.6022719779402"><ele>2265.6</ele><time>2016-08-20T03:18:05Z</time></trkpt>
<trkpt lat="36.5878019063143" lon="137.6022476704210"><ele>2265.7</ele><time>2016-08-20T03:18:15Z</time></trkpt>
<trkpt lat="36.5877139382405" lon="137.6022283920437"><ele>2265.8</ele><time>2016-08-20T03:18:27Z</time></trkpt>
<trkpt lat="36.5876938216729" lon="137.6021575649619"><ele>2268.3</ele><time>2016-08-20T03:18:44Z</time></trkpt>
<trkpt lat="36.5876055183230" lon="137.6019639429987"><ele>2273.5</ele><time>2016-08-20T03:19:18Z</time></trkpt>
<trkpt lat="36.5874642413450" lon="137.6017622744083"><ele>2274.9</ele><time>2016-08-20T03:19:42Z</time></trkpt>
<trkpt lat="36.5873764828188" lon="137.6014960651636"><ele>2275.7</ele><time>2016-08-20T03:20:04Z</time></trkpt>
<trkpt lat="36.5873075416652" lon="137.6014643815696"><ele>2276.2</ele><time>2016-08-20T03:20:11Z</time></trkpt>
<trkpt lat="36.5873590903697" lon="137.6013910399169"><ele>2276.1</ele><time>2016-08-20T03:20:44Z</time></trkpt>
<trkpt lat="36.5873959288342" lon="137.6012673230261"><ele>2276.8</ele><time>2016-08-20T03:20:55Z</time></trkpt>
<trkpt lat="36.5874767722903" lon="137.6011313685566"><ele>2276.7</ele><time>2016-08-20T03:21:07Z</time></trkpt>
<trkpt lat="36.5875677578492" lon="137.6009378304124"><ele>2275.8</ele><time>2016-08-20T03:21:25Z</time></trkpt>
<trkpt lat="36.5875750501050" lon="137.6008229145199"><ele>2274.6</ele><time>2016-08-20T03:21:33Z</time></trkpt>
<trkpt lat="36.5875372896312" lon="137.6001271327376"><ele>2270.3</ele><time>2016-08-20T03:22:24Z</time></trkpt>
<trkpt lat="36.5875337692318" lon="137.5999024977326"><ele>2274.2</ele><time>2016-08-20T03:22:44Z</time></trkpt>
<trkpt lat="36.5874487348242" lon="137.5997202751577"><ele>2276.4</ele><time>2016-08-20T03:23:00Z</time></trkpt>
<trkpt lat="36.5873199049724" lon="137.5994463545620"><ele>2277.9</ele><time>2016-08-20T03:23:22Z</time></trkpt>
<trkpt lat="36.5872600581838" lon="137.5994725899190"><ele>2279.8</ele><time>2016-08-20T03:23:35Z</time></trkpt>
<trkpt lat="36.5872152150018" lon="137.5994998311043"><ele>2280.8</ele><time>2016-08-20T03:23:43Z</time></trkpt>
<trkpt lat="36.5870649693874" lon="137.5993590989500"><ele>2282.2</ele><time>2016-08-20T03:24:03Z</time></trkpt>
<trkpt lat="36.5869304398415" lon="137.5992968214095"><ele>2284.8</ele><time>2016-08-20T03:24:20Z</time></trkpt>
<trkpt lat="36.5867855586452" lon="137.5991301891744"><ele>2292.2</ele><time>2016-08-20T03:25:07Z</time></trkpt>
<trkpt lat="36.5866968781097" lon="137.5989862718970"><ele>2298.1</ele><time>2016-08-20T03:25:38Z</time></trkpt>
<trkpt lat="36.5866681700913" lon="137.5989768841654"><ele>2297.4</ele><time>2016-08-20T03:26:02Z</time></trkpt>
<trkpt lat="36.5865537990225" lon="137.5988066477120"><ele>2301.0</ele><time>2016-08-20T03:26:29Z</time></trkpt>
<trkpt lat="36.5865498176185" lon="137.5987444539905"><ele>2304.3</ele><time>2016-08-20T03:26:48Z</time></trkpt>
<trkpt lat="36.5865760529755" lon="137.5986483135611"><ele>2307.4</ele><time>2016-08-20T03:27:06Z</time></trkpt>
<trkpt lat="36.5865675872532" lon="137.5985899755150"><ele>2307.6</ele><time>2016-08-20T03:27:14Z</time></trkpt>
<trkpt lat="36.5864832233978" lon="137.5985751395464"><ele>2311.2</ele><time>2016-08-20T03:27:25Z</time></trkpt>
<trkpt lat="36.5864402242346" lon="137.5985829347163"><ele>2312.3</ele><time>2016-08-20T03:27:59Z</time></trkpt>
<trkpt lat="36.5864184731958" lon="137.5985686016619"><ele>2313.9</ele><time>2016-08-20T03:28:04Z</time></trkpt>
<trkpt lat="36.5864178026436" lon="137.5985427015811"><ele>2314.3</ele><time>2016-08-20T03:28:07Z</time></trkpt>
<trkpt lat="36.5864530904559" lon="137.5985181426048"><ele>2315.5</ele><time>2016-08-20T03:28:13Z</time></trkpt>
<trkpt lat="36.5864500310613" lon="137.5984397718102"><ele>2317.4</ele><time>2016-08-20T03:28:23Z</time></trkpt>
<trkpt lat="36.5864680940626" lon="137.5983938389808"><ele>2319.2</ele><time>2016-08-20T03:28:32Z</time></trkpt>
<trkpt lat="36.5864283219321" lon="137.5983094332159"><ele>2320.4</ele><time>2016-08-20T03:28:51Z</time></trkpt>
<trkpt lat="36.5862927446483" lon="137.5983017218649"><ele>2327.2</ele><time>2016-08-20T03:29:31Z</time></trkpt>
<trkpt lat="36.5862867934970" lon="137.5982639194816"><ele>2329.3</ele><time>2016-08-20T03:29:51Z</time></trkpt>
<trkpt lat="36.5861862944780" lon="137.5981647615671"><ele>2335.0</ele><time>2016-08-20T03:30:10Z</time></trkpt>
<trkpt lat="36.5860830294309" lon="137.5982412045240"><ele>2337.4</ele><time>2016-08-20T03:30:40Z</time></trkpt>
<trkpt lat="36.5860099392352" lon="137.5983059128165"><ele>2338.5</ele><time>2016-08-20T03:30:50Z</time></trkpt>
<trkpt lat="36.5859643416820" lon="137.5983132050723"><ele>2338.8</ele><time>2016-08-20T03:30:55Z</time></trkpt>
<trkpt lat="36.5859158523721" lon="137.5983695314616"><ele>2340.1</ele><time>2016-08-20T03:31:04Z</time></trkpt>
<trkpt lat="36.5857304865835" lon="137.5984191523284"><ele>2344.7</ele><time>2016-08-20T03:31:31Z</time></trkpt>
<trkpt lat="36.5856383694677" lon="137.5984769036412"><ele>2349.6</ele><time>2016-08-20T03:31:57Z</time></trkpt>
<trkpt lat="36.5855970885945" lon="137.5984389336199"><ele>2351.3</ele><time>2016-08-20T03:32:18Z</time></trkpt>
<trkpt lat="36.5855574002830" lon="137.5984634087771"><ele>2352.3</ele><time>2016-08-20T03:32:41Z</time></trkpt>
<trkpt lat="36.5854770178316" lon="137.5985111856252"><ele>2353.4</ele><time>2016-08-20T03:32:47Z</time></trkpt>
<trkpt lat="36.5853569889782" lon="137.5985174720526"><ele>2356.8</ele><time>2016-08-20T03:33:04Z</time></trkpt>
<trkpt lat="36.5852306317879" lon="137.5985905622482"><ele>2359.1</ele><time>2016-08-20T03:33:17Z</time></trkpt>
<trkpt lat="36.5852207411421" lon="137.5986100920826"><ele>2359.3</ele><time>2016-08-20T03:33:18Z</time></trkpt>
<trkpt lat="36.5851990320129" lon="137.5986059011310"><ele>2360.5</ele><time>2016-08-20T03:33:24Z</time></trkpt>
<trkpt lat="36.5851631574673" lon="137.5985369180679"><ele>2362.5</ele><time>2016-08-20T03:33:33Z</time></trkpt>
<trkpt lat="36.5850087628109" lon="137.5984921587050"><ele>2365.8</ele><time>2016-08-20T03:34:08Z</time></trkpt>
<trkpt lat="36.5849204175515" lon="137.5985271112412"><ele>2369.1</ele><time>2016-08-20T03:34:30Z</time></trkpt>
<trkpt lat="36.5846377797765" lon="137.5985520054936"><ele>2372.2</ele><time>2016-08-20T03:34:59Z</time></trkpt>
<trkpt lat="36.5845242888076" lon="137.5986183901668"><ele>2373.3</ele><time>2016-08-20T03:35:11Z</time></trkpt>
<trkpt lat="36.5844794456256" lon="137.5985910651624"><ele>2375.6</ele><time>2016-08-20T03:35:19Z</time></trkpt>
<trkpt lat="36.5844148630617" lon="137.5986854453921"><ele>2378.1</ele><time>2016-08-20T03:35:27Z</time></trkpt>
<trkpt lat="36.5843089158056" lon="137.5987198111951"><ele>2379.1</ele><time>2016-08-20T03:35:35Z</time></trkpt>
<trkpt lat="36.5841403976424" lon="137.5989881159157"><ele>2381.5</ele><time>2016-08-20T03:36:00Z</time></trkpt>
<trkpt lat="36.5840954287318" lon="137.5991368946970"><ele>2382.1</ele><time>2016-08-20T03:36:12Z</time></trkpt>
<trkpt lat="36.5837910818277" lon="137.5994186942816"><ele>2379.7</ele><time>2016-08-20T03:36:48Z</time></trkpt>
<trkpt lat="36.5835728170691" lon="137.5994715002716"><ele>2382.3</ele><time>2016-08-20T03:37:12Z</time></trkpt>
<trkpt lat="36.5835067676721" lon="137.5995613542736"><ele>2382.3</ele><time>2016-08-20T03:37:20Z</time></trkpt>
<trkpt lat="36.5833662031559" lon="137.5996995718569"><ele>2381.5</ele><time>2016-08-20T03:37:36Z</time></trkpt>
<trkpt lat="36.5832004929302" lon="137.5997505338281"><ele>2379.4</ele><time>2016-08-20T03:37:54Z</time></trkpt>
<trkpt lat="36.5831408556891" lon="137.5997091272265"><ele>2377.5</ele><time>2016-08-20T03:38:02Z</time></trkpt>
<trkpt lat="36.5831058612434" lon="137.5997674652725"><ele>2376.1</ele><time>2016-08-20T03:38:08Z</time></trkpt>
<trkpt lat="36.5829760255633" lon="137.5998491888285"><ele>2373.0</ele><time>2016-08-20T03:38:28Z</time></trkpt>
<trkpt lat="36.5829606028614" lon="137.5998354425073"><ele>2372.4</ele><time>2016-08-20T03:38:32Z</time></trkpt>
<trkpt lat="36.5828082198618" lon="137.5998786931276"><ele>2371.6</ele><time>2016-08-20T03:38:47Z</time></trkpt>
<trkpt lat="36.5827730996875" lon="137.5999260508806"><ele>2372.0</ele><time>2016-08-20T03:38:51Z</time></trkpt>
<trkpt lat="36.5827588085426" lon="137.6000524499804"><ele>2371.6</ele><time>2016-08-20T03:39:02Z</time></trkpt>
<trkpt lat="36.5826718043877" lon="137.6000893303543"><ele>2374.7</ele><time>2016-08-20T03:39:18Z</time></trkpt>
<trkpt lat="36.5826311521573" lon="137.6000865643263"><ele>2375.9</ele><time>2016-08-20T03:39:27Z</time></trkpt>
<trkpt lat="36.5825937269596" lon="137.6002081857413"><ele>2380.8</ele><time>2016-08-20T03:39:46Z</time></trkpt>
<trkpt lat="36.5825289348481" lon="137.6001926792204"><ele>2383.9</ele><time>2016-08-20T03:40:04Z</time></trkpt>
<trkpt lat="36.5824948205022" lon="137.6000441518962"><ele>2386.7</ele><time>2016-08-20T03:40:23Z</time></trkpt>
<trkpt lat="36.5823961655019" lon="137.5999439881533"><ele>2391.3</ele><time>2016-08-20T03:41:04Z</time></trkpt>
<trkpt lat="36.5823515318675" lon="137.5998760109186"><ele>2393.9</ele><time>2016-08-20T03:41:20Z</time></trkpt>
<trkpt lat="36.5823645657269" lon="137.5997792837560"><ele>2394.9</ele><time>2016-08-20T03:41:31Z</time></trkpt>
<trkpt lat="36.5823446167974" lon="137.5997147431016"><ele>2395.4</ele><time>2016-08-20T03:41:40Z</time></trkpt>
<trkpt lat="36.5823375759987" lon="137.5995387231350"><ele>2393.5</ele><time>2016-08-20T03:41:54Z</time></trkpt>
<trkpt lat="36.5823108377276" lon="137.5994804689080"><ele>2393.1</ele><time>2016-08-20T03:41:58Z</time></trkpt>
<trkpt lat="36.5823097480802" lon="137.5994310994983"><ele>2392.2</ele><time>2016-08-20T03:42:03Z</time></trkpt>
<trkpt lat="36.5823809942571" lon="137.5993901958108"><ele>2391.5</ele><time>2016-08-20T03:42:16Z</time></trkpt>
<trkpt lat="36.5823919326408" lon="137.5992150978535"><ele>2390.6</ele><time>2016-08-20T03:42:26Z</time></trkpt>
<trkpt lat="36.5824208502067" lon="137.5990633015871"><ele>2389.7</ele><time>2016-08-20T03:42:38Z</time></trkpt>
<trkpt lat="36.5824400447650" lon="137.5989868586302"><ele>2389.4</ele><time>2016-08-20T03:42:45Z</time></trkpt>
<trkpt lat="36.5824642265556" lon="137.5988778938890"><ele>2388.0</ele><time>2016-08-20T03:43:02Z</time></trkpt>
<trkpt lat="36.5824846364898" lon="137.5987892133534"><ele>2387.6</ele><time>2016-08-20T03:43:08Z</time></trkpt>
<trkpt lat="36.5824941080404" lon="137.5986851939350"><ele>2389.3</ele><time>2016-08-20T03:43:20Z</time></trkpt>
<trkpt lat="36.5825494286014" lon="137.5986019616365"><ele>2393.3</ele><time>2016-08-20T03:43:38Z</time></trkpt>
<trkpt lat="36.5825443994595" lon="137.5984192361474"><ele>2392.0</ele><time>2016-08-20T03:43:53Z</time></trkpt>
<trkpt lat="36.5825386997653" lon="137.5983209164232"><ele>2394.6</ele><time>2016-08-20T03:44:04Z</time></trkpt>
<trkpt lat="36.5825503925202" lon="137.5983036497027"><ele>2394.8</ele><time>2016-08-20T03:44:07Z</time></trkpt>
<trkpt lat="36.5825374005703" lon="137.5981647615671"><ele>2397.1</ele><time>2016-08-20T03:44:25Z</time></trkpt>
<trkpt lat="36.5825751610441" lon="137.5980227721274"><ele>2399.4</ele><time>2016-08-20T03:44:40Z</time></trkpt>
<trkpt lat="36.5826162323696" lon="137.5979095326155"><ele>2400.4</ele><time>2016-08-20T03:44:50Z</time></trkpt>
<trkpt lat="36.5826145140795" lon="137.5978174993187"><ele>2401.3</ele><time>2016-08-20T03:44:58Z</time></trkpt>
<trkpt lat="36.5826450242070" lon="137.5977185928613"><ele>2405.3</ele><time>2016-08-20T03:45:18Z</time></trkpt>
<trkpt lat="36.5826553758574" lon="137.5976317563444"><ele>2405.5</ele><time>2016-08-20T03:45:25Z</time></trkpt>
<trkpt lat="36.5826908313079" lon="137.5974883419812"><ele>2406.0</ele><time>2016-08-20T03:45:37Z</time></trkpt>
<trkpt lat="36.5828423761172" lon="137.5971416664660"><ele>2408.4</ele><time>2016-08-20T03:46:12Z</time></trkpt>
<trkpt lat="36.5829232195733" lon="137.5968977530837"><ele>2408.3</ele><time>2016-08-20T03:46:28Z</time></trkpt>
<trkpt lat="36.5829349961473" lon="137.5967706834316"><ele>2409.1</ele><time>2016-08-20T03:46:39Z</time></trkpt>
<trkpt lat="36.5828739339826" lon="137.5966983476073"><ele>2410.2</ele><time>2016-08-20T03:46:53Z</time></trkpt>
<trkpt lat="36.5826665656982" lon="137.5966663287371"><ele>2412.9</ele><time>2016-08-20T03:47:19Z</time></trkpt>
<trkpt lat="36.5823566867379" lon="137.5966800750583"><ele>2414.9</ele><time>2016-08-20T03:47:48Z</time></trkpt>
<trkpt lat="36.5821576165376" lon="137.5966769737542"><ele>2415.0</ele><time>2016-08-20T03:48:09Z</time></trkpt>
<trkpt lat="36.5820485679773" lon="137.5967623015285"><ele>2415.1</ele><time>2016-08-20T03:48:22Z</time></trkpt>
<trkpt lat="36.5820001205770" lon="137.5966833440006"><ele>2415.3</ele><time>2016-08-20T03:48:31Z</time></trkpt>
<trkpt lat="36.5818549041046" lon="137.5965955854744"><ele>2414.9</ele><time>2016-08-20T03:48:44Z</time></trkpt>
<trkpt lat="36.5817431733353" lon="137.5964135305375"><ele>2413.2</ele><time>2016-08-20T03:49:07Z</time></trkpt>
<trkpt lat="36.5817162674261" lon="137.5962692779839"><ele>2410.8</ele><time>2016-08-20T03:49:28Z</time></trkpt>
<trkpt lat="36.5817167703403" lon="137.5961514284253"><ele>2409.3</ele><time>2016-08-20T03:49:41Z</time></trkpt>
<trkpt lat="36.5816860087557" lon="137.5961051603198"><ele>2408.3</ele><time>2016-08-20T03:49:48Z</time></trkpt>
<trkpt lat="36.5816046623854" lon="137.5960925874651"><ele>2406.4</ele><time>2016-08-20T03:50:04Z</time></trkpt>
<trkpt lat="36.5815679496495" lon="137.5960469060928"><ele>2405.6</ele><time>2016-08-20T03:50:12Z</time></trkpt>
<trkpt lat="36.5814195899634" lon="137.5960327406764"><ele>2408.9</ele><time>2016-08-20T03:50:37Z</time></trkpt>
<trkpt lat="36.5813405067069" lon="137.5959081855953"><ele>2410.3</ele><time>2016-08-20T03:50:54Z</time></trkpt>
<trkpt lat="36.5813006926669" lon="137.5958253723919"><ele>2411.4</ele><time>2016-08-20T03:51:06Z</time></trkpt>
<trkpt lat="36.5811591642318" lon="137.5958785974771"><ele>2415.1</ele><time>2016-08-20T03:51:35Z</time></trkpt>
<trkpt lat="36.5809636144308" lon="137.5958736521542"><ele>2417.4</ele><time>2016-08-20T03:52:04Z</time></trkpt>
<trkpt lat="36.5808528056709" lon="137.5958609116614"><ele>2415.8</ele><time>2016-08-20T03:52:19Z</time></trkpt>
<trkpt lat="36.5806953516198" lon="137.5958316588193"><ele>2417.8</ele><time>2016-08-20T03:52:43Z</time></trkpt>
<trkpt lat="36.5804899530826" lon="137.5958596543759"><ele>2418.0</ele><time>2016-08-20T03:52:59Z</time></trkpt>
<trkpt lat="36.5803446527911" lon="137.5958671142697"><ele>2418.3</ele><time>2016-08-20T03:53:17Z</time></trkpt>
<trkpt lat="36.5801630588589" lon="137.5959195849836"><ele>2418.0</ele><time>2016-08-20T03:53:32Z</time></trkpt>
<trkpt lat="36.5801147371871" lon="137.5959891547799"><ele>2416.0</ele><time>2016-08-20T03:53:41Z</time></trkpt>
<trkpt lat="36.5800465084953" lon="137.5960138813943"><ele>2414.7</ele><time>2016-08-20T03:53:55Z</time></trkpt>
<trkpt lat="36.5799838118596" lon="137.5960494206637"><ele>2416.7</ele><time>2016-08-20T03:54:07Z</time></trkpt>
<trkpt lat="36.5799063211647" lon="137.5960915816367"><ele>2416.1</ele><time>2016-08-20T03:54:13Z</time></trkpt>
<trkpt lat="36.5797843644736" lon="137.5961575472146"><ele>2416.5</ele><time>2016-08-20T03:54:25Z</time></trkpt>
<trkpt lat="36.5795570891691" lon="137.5962765702397"><ele>2421.6</ele><time>2016-08-20T03:54:57Z</time></trkpt>
<trkpt lat="36.5794897824866" lon="137.5963318908006"><ele>2423.6</ele><time>2016-08-20T03:55:11Z</time></trkpt>
<trkpt lat="36.5794596914543" lon="137.5963740517736"><ele>2425.0</ele><time>2016-08-20T03:55:18Z</time></trkpt>
<trkpt lat="36.5794420056386" lon="137.5963525941014"><ele>2426.7</ele><time>2016-08-20T03:55:29Z</time></trkpt>
<trkpt lat="36.5793510200796" lon="137.5965282787919"><ele>2429.5</ele><time>2016-08-20T03:55:47Z</time></trkpt>
<trkpt lat="36.5792913828386" lon="137.5964852796286"><ele>2430.7</ele><time>2016-08-20T03:55:55Z</time></trkpt>
<trkpt lat="36.5792198432950" lon="137.5965068211198"><ele>2433.5</ele><time>2016-08-20T03:56:13Z</time></trkpt>
<trkpt lat="36.5791735751895" lon="137.5964806695819"><ele>2435.3</ele><time>2016-08-20T03:56:27Z</time></trkpt>
<trkpt lat="36.5790676279334" lon="137.5964624808520"><ele>2435.0</ele><time>2016-08-20T03:56:37Z</time></trkpt>
<trkpt lat="36.5789002413271" lon="137.5962782466203"><ele>2431.9</ele><time>2016-08-20T03:56:58Z</time></trkpt>
<trkpt lat="36.5785329044206" lon="137.5958005619586"><ele>2428.8</ele><time>2016-08-20T03:57:48Z</time></trkpt>
<trkpt lat="36.5784811042590" lon="137.5957527851105"><ele>2428.6</ele><time>2016-08-20T03:57:55Z</time></trkpt>
<trkpt lat="36.5784717165274" lon="137.5956915972173"><ele>2428.8</ele><time>2016-08-20T03:58:02Z</time></trkpt>
<trkpt lat="36.5783901606096" lon="137.5956129749656"><ele>2429.3</ele><time>2016-08-20T03:58:15Z</time></trkpt>
<trkpt lat="36.5782435192136" lon="137.5955588278711"><ele>2429.1</ele><time>2016-08-20T03:58:31Z</time></trkpt>
<trkpt lat="36.5781127196146" lon="137.5955370349228"><ele>2429.2</ele><time>2016-08-20T03:58:41Z</time></trkpt>
<trkpt lat="36.5779594146056" lon="137.5956205186784"><ele>2429.7</ele><time>2016-08-20T03:59:00Z</time></trkpt>
<trkpt lat="36.5779120987622" lon="137.5956134778798"><ele>2429.2</ele><time>2016-08-20T03:59:05Z</time></trkpt>
<trkpt lat="36.5778892161665" lon="137.5957030804247"><ele>2430.1</ele><time>2016-08-20T04:01:32Z</time></trkpt>
<trkpt lat="36.5778620588002" lon="137.5957066008240"><ele>2429.9</ele><time>2016-08-20T04:01:35Z</time></trkpt>
<trkpt lat="36.5778185148133" lon="137.5956531242818"><ele>2428.8</ele><time>2016-08-20T04:01:43Z</time></trkpt>
<trkpt lat="36.5777565306393" lon="137.5956673735172"><ele>2429.7</ele><time>2016-08-20T04:01:49Z</time></trkpt>
<trkpt lat="36.5776649164376" lon="137.5957429782838"><ele>2429.5</ele><time>2016-08-20T04:02:01Z</time></trkpt>
<trkpt lat="36.5774600627241" lon="137.5957717282116"><ele>2429.1</ele><time>2016-08-20T04:03:45Z</time></trkpt>
<trkpt lat="36.5774675226180" lon="137.5957393740654"><ele>2429.1</ele><time>2016-08-20T04:03:53Z</time></trkpt>
<trkpt lat="36.5774505073545" lon="137.5957726502210"><ele>2429.5</ele><time>2016-08-20T04:04:10Z</time></trkpt>
<trkpt lat="36.5774399880660" lon="137.5957531203866"><ele>2429.3</ele><time>2016-08-20T04:04:13Z</time></trkpt>
<trkpt lat="36.5774581348864" lon="137.5957309083432"><ele>2429.3</ele><time>2016-08-20T04:04:16Z</time></trkpt>
<trkpt lat="36.5774550335822" lon="137.5957072713763"><ele>2429.8</ele><time>2016-08-20T04:04:18Z</time></trkpt>
<trkpt lat="36.5774338273672" lon="137.5956983027399"><ele>2429.7</ele><time>2016-08-20T04:04:21Z</time></trkpt>
</trkseg>
</trk>
</gpx>
